1;"2008-02-19";3;1;0
2;"2008-02-19";3;2;0
3;"2008-02-19";3;3;0
4;"2008-02-19";3;4;0
5;"2008-02-19";4;1;0
6;"2008-02-19";4;2;0
7;"2008-02-19";4;3;0
8;"2008-02-19";4;4;0
9;"2008-02-19";13;1;0
10;"2008-02-19";13;2;0
11;"2008-02-19";13;3;0
12;"2008-02-19";13;4;0
13;"2008-02-19";9;1;0
14;"2008-02-19";9;2;0
15;"2008-02-19";9;3;0
16;"2008-02-19";9;4;0
17;"2008-02-19";5;1;0
18;"2008-02-19";5;2;0
19;"2008-02-19";5;3;0
20;"2008-02-19";5;4;0
21;"2008-02-19";2;1;0
22;"2008-02-19";2;2;0
23;"2008-02-19";2;3;0
24;"2008-02-19";2;4;0
25;"2008-02-19";6;1;0
26;"2008-02-19";6;2;0
27;"2008-02-19";6;3;0
28;"2008-02-19";6;4;0
29;"2008-02-19";10;1;0
30;"2008-02-19";10;2;0
31;"2008-02-19";10;3;0
32;"2008-02-19";10;4;0
33;"2008-02-19";1;1;0
34;"2008-02-19";1;2;0
35;"2008-02-19";1;3;0
36;"2008-02-19";1;4;0
37;"2008-02-19";11;1;0
38;"2008-02-19";11;2;0
39;"2008-02-19";11;3;0
40;"2008-02-19";11;4;0
41;"2008-02-19";7;1;0
42;"2008-02-19";7;2;0
43;"2008-02-19";7;3;0
44;"2008-02-19";7;4;0
45;"2008-02-19";12;1;0
46;"2008-02-19";12;2;0
47;"2008-02-19";12;3;0
48;"2008-02-19";12;4;0
49;"2008-02-19";8;1;0
50;"2008-02-19";8;2;0
51;"2008-02-19";8;3;0
52;"2008-02-19";8;4;0
53;"2008-02-19";14;1;0
54;"2008-02-19";14;2;0
55;"2008-02-19";14;3;0
56;"2008-02-19";14;4;0
731;"2009-11-04";3;4;1
58;"2008-02-19";15;1;0
59;"2008-02-19";15;2;0
60;"2008-02-19";15;3;0
61;"2008-02-19";15;4;0
62;"2008-02-19";18;1;0
63;"2008-02-19";18;2;0
64;"2008-02-19";18;3;0
65;"2008-02-19";18;4;0
66;"2008-02-19";17;1;0
67;"2008-02-19";17;2;0
68;"2008-02-19";17;3;0
69;"2008-02-19";17;4;0
70;"2008-02-19";19;1;0
71;"2008-02-19";19;2;0
72;"2008-02-19";19;3;0
73;"2008-02-19";19;4;0
74;"2008-02-19";20;1;0
75;"2008-02-19";20;2;0
76;"2008-02-19";20;3;0
77;"2008-02-19";20;4;0
78;"2008-02-19";16;1;0
79;"2008-02-19";16;2;0
80;"2008-02-19";16;3;0
81;"2008-02-19";16;4;0
729;"2009-11-04";3;2;7
730;"2009-11-04";3;3;10
84;"2008-02-19";15;1;3
85;"2008-02-19";15;2;28
86;"2008-02-19";15;3;6
87;"2008-02-19";15;4;19
88;"2008-02-19";4;1;4
89;"2008-02-19";4;2;18
90;"2008-02-19";4;3;2
91;"2008-02-19";4;4;7
92;"2008-02-19";18;1;15
93;"2008-02-19";18;2;5
94;"2008-02-19";18;3;1
95;"2008-02-19";18;4;6
96;"2008-02-19";17;1;0
97;"2008-02-19";17;2;0
98;"2008-02-19";17;3;2
99;"2008-02-19";17;4;5
100;"2008-02-19";5;1;4
101;"2008-02-19";5;2;6
102;"2008-02-19";5;3;0
103;"2008-02-19";5;4;1
104;"2008-02-19";2;1;7
105;"2008-02-19";2;2;19
106;"2008-02-19";2;3;2
107;"2008-02-19";2;4;13
108;"2008-02-19";6;2;14
109;"2008-02-19";6;3;1
110;"2008-02-19";6;4;8
111;"2008-02-19";10;1;5
112;"2008-02-19";10;2;4
113;"2008-02-19";10;3;1
114;"2008-02-19";10;4;4
115;"2008-02-19";1;1;4
116;"2008-02-19";1;2;15
117;"2008-02-19";1;3;3
118;"2008-02-19";1;4;13
119;"2008-02-19";11;1;7
120;"2008-02-19";11;2;7
121;"2008-02-19";11;3;6
122;"2008-02-19";11;4;12
123;"2008-02-19";7;1;5
124;"2008-02-19";7;2;3
125;"2008-02-19";7;3;1
126;"2008-02-19";7;4;3
127;"2008-02-19";19;3;1
128;"2008-02-19";8;3;3
129;"2008-02-19";8;4;35
130;"2008-02-19";16;1;1
131;"2008-02-19";16;4;10
132;"2008-03-19";15;1;18
133;"2008-03-19";15;2;35
134;"2008-03-19";15;3;13
135;"2008-03-19";15;4;8
136;"2008-03-19";4;1;8
137;"2008-03-19";4;2;10
138;"2008-03-19";4;4;4
139;"2008-03-19";18;1;18
140;"2008-03-19";18;2;5
141;"2008-03-19";18;3;8
142;"2008-03-19";18;4;8
143;"2008-03-19";17;1;4
144;"2008-03-19";17;2;0
145;"2008-03-19";17;3;2
146;"2008-03-19";17;4;2
147;"2008-03-19";5;1;6
148;"2008-03-19";5;2;7
149;"2008-03-19";5;3;1
150;"2008-03-19";5;4;2
151;"2008-03-19";2;1;28
152;"2008-03-19";2;2;23
153;"2008-03-19";2;3;5
154;"2008-03-19";2;4;11
155;"2008-03-19";6;1;18
156;"2008-03-19";6;2;23
157;"2008-03-19";6;3;6
158;"2008-03-19";6;4;5
159;"2008-03-19";10;1;8
160;"2008-03-19";10;2;7
161;"2008-03-19";10;4;1
162;"2008-03-19";1;1;6
163;"2008-03-19";1;2;10
164;"2008-03-19";1;3;1
165;"2008-03-19";1;4;12
166;"2008-03-19";11;1;2
167;"2008-03-19";11;2;16
168;"2008-03-19";11;3;4
169;"2008-03-19";11;4;9
170;"2008-03-19";7;1;5
171;"2008-03-19";7;2;1
172;"2008-03-19";7;4;2
173;"2008-03-19";8;1;25
174;"2008-03-19";8;2;2
175;"2008-03-19";8;3;3
176;"2008-03-19";8;4;24
177;"2008-03-19";20;4;4
178;"2008-03-19";16;1;2
179;"2008-03-19";16;2;1
180;"2008-03-19";16;4;5
181;"2008-04-19";15;1;5
182;"2008-04-19";15;2;62
183;"2008-04-19";15;3;7
184;"2008-04-19";15;4;22
185;"2008-04-19";4;2;15
186;"2008-04-19";4;4;7
187;"2008-04-19";18;1;23
188;"2008-04-19";18;2;18
189;"2008-04-19";18;3;4
190;"2008-04-19";18;4;10
191;"2008-04-19";5;1;7
192;"2008-04-19";5;2;9
193;"2008-04-19";5;3;13
194;"2008-04-19";5;4;4
195;"2008-04-19";2;2;48
196;"2008-04-19";2;3;13
197;"2008-04-19";2;4;15
198;"2008-04-19";6;1;4
199;"2008-04-19";6;2;60
200;"2008-04-19";6;3;3
201;"2008-04-19";6;4;11
202;"2008-04-19";10;1;2
203;"2008-04-19";10;2;30
204;"2008-04-19";10;3;1
205;"2008-04-19";10;4;1
206;"2008-04-19";1;2;13
207;"2008-04-19";1;3;3
208;"2008-04-19";1;4;6
209;"2008-04-19";11;1;2
210;"2008-04-19";11;2;13
211;"2008-04-19";11;3;12
212;"2008-04-19";11;4;12
213;"2008-04-19";7;1;2
214;"2008-04-19";7;2;8
215;"2008-04-19";7;3;2
216;"2008-04-19";7;4;7
217;"2008-04-19";8;1;24
218;"2008-04-19";8;2;15
219;"2008-04-19";8;3;4
220;"2008-04-19";8;4;28
221;"2008-04-19";20;3;2
222;"2008-04-19";16;1;2
223;"2008-04-19";16;4;5
224;"2008-05-19";15;2;62
225;"2008-05-19";15;3;3
226;"2008-05-19";15;4;6
227;"2008-05-19";4;2;23
228;"2008-05-19";4;3;8
229;"2008-05-19";4;4;1
230;"2008-05-19";18;1;3
231;"2008-05-19";18;2;12
232;"2008-05-19";18;3;9
233;"2008-05-19";5;2;37
234;"2008-05-19";5;3;8
235;"2008-05-19";2;1;1
236;"2008-05-19";2;2;43
237;"2008-05-19";2;3;16
238;"2008-05-19";2;4;4
239;"2008-05-19";6;2;49
240;"2008-05-19";6;3;19
241;"2008-05-19";6;4;1
242;"2008-05-19";10;2;20
243;"2008-05-19";10;3;1
244;"2008-05-19";10;4;1
245;"2008-05-19";1;2;16
246;"2008-05-19";1;3;3
247;"2008-05-19";11;2;30
248;"2008-05-19";11;3;11
249;"2008-05-19";11;4;2
250;"2008-05-19";7;2;8
251;"2008-05-19";8;2;7
252;"2008-05-19";8;4;8
253;"2008-05-19";16;2;1
254;"2008-05-19";21;2;9
255;"2008-06-16";23;2;4
256;"2008-06-16";22;1;1
257;"2008-06-16";22;2;7
258;"2008-06-16";23;1;3
259;"2008-06-16";23;2;7
260;"2008-06-16";21;2;8
261;"2008-06-16";15;1;1
262;"2008-06-16";15;2;60
263;"2008-06-16";15;3;6
264;"2008-06-16";15;4;48
265;"2008-06-16";4;2;12
266;"2008-06-16";4;4;27
267;"2008-06-16";18;1;15
268;"2008-06-16";18;2;15
269;"2008-06-16";18;4;3
270;"2008-06-16";17;3;2
271;"2008-06-16";17;4;8
272;"2008-06-16";5;1;1
273;"2008-06-16";5;2;11
274;"2008-06-16";5;3;1
275;"2008-06-16";5;4;7
276;"2008-06-16";2;1;4
277;"2008-06-16";2;2;35
278;"2008-06-16";2;3;9
279;"2008-06-16";2;4;27
280;"2008-06-16";6;2;7
281;"2008-06-16";6;4;3
282;"2008-06-16";10;2;14
283;"2008-06-16";10;4;4
284;"2008-06-16";1;2;7
285;"2008-06-16";1;3;7
286;"2008-06-16";1;4;3
287;"2008-06-16";11;2;5
288;"2008-06-16";11;3;2
289;"2008-06-16";7;2;6
290;"2008-06-16";24;1;3
291;"2008-06-16";8;1;2
292;"2008-06-16";8;2;2
293;"2008-06-16";8;3;1
294;"2008-06-16";8;4;20
295;"2008-06-16";22;2;4
296;"2008-06-16";23;1;0
297;"2008-06-16";23;2;0
298;"2008-06-16";23;3;0
299;"2008-06-16";23;4;0
300;"2008-06-16";21;1;0
301;"2008-06-16";21;2;0
302;"2008-06-16";21;3;0
303;"2008-06-16";21;4;0
304;"2008-06-16";24;1;0
305;"2008-06-16";24;2;0
306;"2008-06-16";24;3;0
307;"2008-06-16";24;4;0
308;"2008-06-16";22;1;0
309;"2008-06-16";22;2;0
310;"2008-06-16";22;3;0
311;"2008-06-16";22;4;0
312;"2008-07-07";23;2;2
313;"2008-07-07";21;1;7
314;"2008-07-07";15;1;3
315;"2008-07-07";15;2;44
316;"2008-07-07";15;3;9
317;"2008-07-07";15;4;43
318;"2008-07-07";4;1;5
319;"2008-07-07";4;2;42
320;"2008-07-07";4;3;7
321;"2008-07-07";4;4;27
322;"2008-07-07";18;1;26
323;"2008-07-07";18;2;11
324;"2008-07-07";18;4;13
325;"2008-07-07";17;4;4
326;"2008-07-07";5;2;2
327;"2008-07-07";5;4;4
328;"2008-07-07";2;2;25
329;"2008-07-07";2;3;8
330;"2008-07-07";2;4;23
331;"2008-07-07";6;2;22
332;"2008-07-07";6;3;3
333;"2008-07-07";6;4;7
334;"2008-07-07";10;2;22
335;"2008-07-07";10;3;4
336;"2008-07-07";10;4;3
337;"2008-07-07";1;1;26
338;"2008-07-07";1;2;7
339;"2008-07-07";1;3;4
340;"2008-07-07";1;4;17
341;"2008-07-07";11;1;1
342;"2008-07-07";11;4;13
343;"2008-07-07";8;4;34
344;"2008-07-18";25;1;0
345;"2008-07-18";25;2;0
346;"2008-07-18";25;3;0
347;"2008-07-18";25;4;0
348;"2008-07-18";23;4;1
349;"2008-07-18";21;2;2
350;"2008-07-18";21;3;4
351;"2008-07-18";15;2;60
352;"2008-07-18";15;3;10
353;"2008-07-18";15;4;44
354;"2008-07-18";4;2;37
355;"2008-07-18";4;3;9
356;"2008-07-18";4;4;23
357;"2008-07-18";18;1;7
358;"2008-07-18";18;2;50
359;"2008-07-18";18;3;1
360;"2008-07-18";18;4;13
361;"2008-07-18";13;4;2
362;"2008-07-18";17;4;2
363;"2008-07-18";5;1;3
364;"2008-07-18";5;2;10
365;"2008-07-18";5;3;12
366;"2008-07-18";5;4;10
367;"2008-07-18";2;1;11
368;"2008-07-18";2;2;60
369;"2008-07-18";2;3;10
370;"2008-07-18";2;4;24
371;"2008-07-18";6;2;23
372;"2008-07-18";6;3;3
373;"2008-07-18";6;4;12
374;"2008-07-18";10;1;1
375;"2008-07-18";10;2;37
376;"2008-07-18";10;3;1
377;"2008-07-18";10;4;11
378;"2008-07-18";1;2;3
379;"2008-07-18";1;3;12
380;"2008-07-18";1;4;18
381;"2008-07-18";11;2;14
382;"2008-07-18";11;3;7
383;"2008-07-18";11;4;23
384;"2008-07-18";7;2;3
385;"2008-07-18";7;4;5
386;"2008-07-18";24;4;2
387;"2008-07-18";8;1;3
388;"2008-07-18";8;2;11
389;"2008-07-18";8;4;55
390;"2008-07-18";14;1;2
391;"2008-07-18";14;2;3
392;"2008-07-18";14;4;1
393;"2008-07-18";16;2;2
394;"2008-07-18";22;2;38
395;"2008-07-18";22;4;5
396;"2008-07-18";25;2;6
397;"2008-10-24";26;1;0
398;"2008-10-24";26;2;0
399;"2008-10-24";26;3;0
400;"2008-10-24";26;4;0
401;"2008-10-24";23;1;2
402;"2008-10-24";23;3;1
403;"2008-10-24";23;4;2
404;"2008-10-24";26;2;14
405;"2008-10-24";21;2;2
406;"2008-10-24";21;3;5
407;"2008-10-24";15;1;3
408;"2008-10-24";15;2;29
409;"2008-10-24";15;3;32
410;"2008-10-24";15;4;39
411;"2008-10-24";4;2;20
412;"2008-10-24";4;3;9
413;"2008-10-24";4;4;18
414;"2008-10-24";18;1;26
415;"2008-10-24";18;2;48
416;"2008-10-24";18;3;25
417;"2008-10-24";18;4;11
418;"2008-10-24";9;1;3
419;"2008-10-24";5;1;13
420;"2008-10-24";5;2;17
421;"2008-10-24";5;3;18
422;"2008-10-24";5;4;5
423;"2008-10-24";2;1;3
424;"2008-10-24";2;2;35
425;"2008-10-24";2;3;13
426;"2008-10-24";2;4;13
427;"2008-10-24";6;1;4
428;"2008-10-24";6;2;32
429;"2008-10-24";6;3;15
430;"2008-10-24";6;4;15
431;"2008-10-24";10;1;1
432;"2008-10-24";10;2;18
433;"2008-10-24";10;3;7
434;"2008-10-24";10;4;7
435;"2008-10-24";1;2;8
436;"2008-10-24";1;3;25
437;"2008-10-24";1;4;22
438;"2008-10-24";11;2;10
439;"2008-10-24";11;3;6
440;"2008-10-24";11;4;31
441;"2008-10-24";7;1;3
442;"2008-10-24";7;2;6
443;"2008-10-24";7;3;1
444;"2008-10-24";7;4;4
445;"2008-10-24";8;1;6
446;"2008-10-24";8;2;2
447;"2008-10-24";8;3;1
448;"2008-10-24";8;4;31
449;"2008-10-24";14;1;1
450;"2008-10-24";14;2;3
451;"2008-10-24";14;4;6
452;"2008-10-24";16;1;8
453;"2008-10-24";16;3;5
454;"2008-10-24";22;1;4
455;"2008-10-24";25;2;12
456;"2008-10-24";25;3;2
457;"2008-10-24";25;4;2
458;"2008-11-04";23;2;5
459;"2008-11-04";26;2;3
460;"2008-11-04";21;2;1
461;"2008-11-04";15;2;35
462;"2008-11-04";15;3;21
463;"2008-11-04";15;4;17
464;"2008-11-04";4;2;33
465;"2008-11-04";4;3;10
466;"2008-11-04";4;4;7
467;"2008-11-04";18;1;18
468;"2008-11-04";18;2;56
469;"2008-11-04";18;3;12
470;"2008-11-04";18;4;7
471;"2008-11-04";9;1;17
472;"2008-11-04";9;2;17
473;"2008-11-04";9;3;5
474;"2008-11-04";5;2;35
475;"2008-11-04";5;3;19
476;"2008-11-04";5;4;5
477;"2008-11-04";2;2;40
478;"2008-11-04";2;3;17
479;"2008-11-04";2;4;2
480;"2008-11-04";6;2;25
481;"2008-11-04";6;3;38
482;"2008-11-04";6;4;15
483;"2008-11-04";10;2;23
484;"2008-11-04";10;3;10
485;"2008-11-04";10;4;3
486;"2008-11-04";1;2;18
487;"2008-11-04";1;3;40
488;"2008-11-04";1;4;8
489;"2008-11-04";11;2;45
490;"2008-11-04";11;3;7
491;"2008-11-04";11;4;9
492;"2008-11-04";7;2;5
493;"2008-11-04";7;3;5
494;"2008-11-04";8;2;7
495;"2008-11-04";8;3;3
496;"2008-11-04";8;4;20
497;"2008-11-04";14;2;2
498;"2008-11-04";16;1;3
499;"2008-11-04";16;3;12
500;"2008-11-04";16;4;5
501;"2008-11-04";22;2;1
502;"2008-11-04";22;3;1
503;"2008-11-04";25;2;3
504;"2008-11-04";25;3;2
505;"2008-11-04";27;1;0
506;"2008-11-04";27;2;0
507;"2008-11-04";27;3;18
508;"2008-11-04";27;4;0
509;"2009-10-13";28;1;0
510;"2009-10-13";28;2;0
511;"2009-10-13";28;3;0
512;"2009-10-13";28;4;0
513;"2009-01-08";23;2;5
514;"2009-01-08";26;2;1
515;"2009-01-08";21;2;2
516;"2009-01-08";15;2;42
517;"2009-01-08";15;3;5
518;"2009-01-08";15;4;1
519;"2009-01-08";4;2;11
520;"2009-01-08";4;4;2
521;"2009-01-08";18;2;57
522;"2009-01-08";18;3;2
523;"2009-01-08";18;4;3
524;"2009-01-08";9;2;16
525;"2009-01-08";9;3;1
526;"2009-01-08";5;2;42
527;"2009-01-08";5;3;6
528;"2009-01-08";2;2;59
529;"2009-01-08";2;3;5
530;"2009-01-08";2;4;8
531;"2009-01-08";6;2;39
532;"2009-01-08";6;3;1
533;"2009-01-08";6;4;2
534;"2009-01-08";10;2;23
535;"2009-01-08";10;3;9
536;"2009-01-08";1;2;21
537;"2009-01-08";1;3;7
538;"2009-01-08";1;4;5
539;"2009-01-08";11;2;14
540;"2009-01-08";11;3;2
541;"2009-01-08";11;4;7
542;"2009-01-08";7;2;4
543;"2009-01-08";7;3;1
544;"2009-01-08";12;2;1
545;"2009-01-08";8;2;12
546;"2009-01-08";8;3;1
547;"2009-01-08";8;4;7
548;"2009-01-08";14;2;4
549;"2009-01-08";27;2;7
550;"2009-01-08";28;2;3
551;"2009-01-08";25;3;1
552;"2009-01-08";25;4;2
553;"2009-04-03";23;2;3
554;"2009-04-03";15;2;20
555;"2009-04-03";15;3;2
556;"2009-04-03";4;2;24
557;"2009-04-03";4;3;6
558;"2009-04-03";18;2;21
559;"2009-04-03";18;3;6
560;"2009-04-03";9;2;44
561;"2009-04-03";9;3;2
562;"2009-04-03";5;2;14
563;"2009-04-03";5;3;3
564;"2009-04-03";2;2;105
565;"2009-04-03";2;3;3
566;"2009-04-03";6;2;45
567;"2009-04-03";6;3;18
568;"2009-04-03";10;2;38
569;"2009-04-03";10;3;8
570;"2009-04-03";1;2;30
571;"2009-04-03";1;3;4
572;"2009-04-03";1;4;1
573;"2009-04-03";11;2;17
574;"2009-04-03";11;3;4
575;"2009-04-03";11;4;1
576;"2009-04-03";7;2;5
577;"2009-04-03";7;3;3
578;"2009-04-03";12;2;1
579;"2009-04-03";12;3;6
580;"2009-04-03";8;2;45
581;"2009-04-03";14;2;8
582;"2009-04-03";16;2;3
583;"2009-04-03";16;3;2
584;"2009-04-03";22;2;1
585;"2009-04-03";28;2;15
586;"2009-04-03";25;2;12
587;"2009-04-28";21;2;6
588;"2009-04-28";15;2;8
589;"2009-04-28";15;4;28
590;"2009-04-28";4;1;3
591;"2009-04-28";4;2;48
592;"2009-04-28";4;3;14
593;"2009-04-28";4;4;48
594;"2009-04-28";13;2;2
595;"2009-04-28";13;4;58
596;"2009-04-28";9;1;4
597;"2009-04-28";9;2;19
598;"2009-04-28";9;3;15
599;"2009-04-28";9;4;1
600;"2009-04-28";5;1;5
601;"2009-04-28";5;2;33
602;"2009-04-28";5;3;20
603;"2009-04-28";5;4;18
604;"2009-04-28";2;1;1
605;"2009-04-28";2;2;76
606;"2009-04-28";2;3;12
607;"2009-04-28";2;4;34
608;"2009-04-28";6;1;9
609;"2009-04-28";6;2;62
610;"2009-04-28";6;3;7
611;"2009-04-28";6;4;37
612;"2009-04-28";10;1;3
613;"2009-04-28";10;2;15
614;"2009-04-28";10;3;6
615;"2009-04-28";10;4;6
616;"2009-04-28";1;2;9
617;"2009-04-28";1;3;9
618;"2009-04-28";1;4;25
619;"2009-04-28";11;2;43
620;"2009-04-28";11;3;4
621;"2009-04-28";11;4;39
622;"2009-04-28";7;1;2
623;"2009-04-28";7;2;8
624;"2009-04-28";7;4;1
625;"2009-04-28";8;1;3
626;"2009-04-28";8;2;28
627;"2009-04-28";8;3;4
628;"2009-04-28";8;4;77
629;"2009-04-28";14;2;4
630;"2009-04-28";14;4;15
631;"2009-04-28";16;1;4
632;"2009-04-28";16;2;4
633;"2009-04-28";16;3;18
634;"2009-04-28";16;4;18
635;"2009-04-28";22;2;5
636;"2009-04-28";27;1;3
637;"2009-04-28";27;3;5
638;"2009-04-28";27;4;3
639;"2009-04-28";28;2;4
640;"2009-04-28";28;3;5
641;"2009-04-28";28;4;4
642;"2009-06-24";21;2;4
643;"2009-06-24";3;1;4
644;"2009-06-24";3;2;6
645;"2009-06-24";3;3;18
646;"2009-06-24";4;1;6
647;"2009-06-24";4;2;15
648;"2009-06-24";4;3;8
649;"2009-06-24";4;4;8
650;"2009-06-24";13;4;40
651;"2009-06-24";9;1;4
652;"2009-06-24";9;2;61
653;"2009-06-24";9;3;29
654;"2009-06-24";5;2;80
655;"2009-06-24";5;3;20
656;"2009-06-24";5;4;10
657;"2009-06-24";2;2;111
658;"2009-06-24";2;3;17
659;"2009-06-24";2;4;20
660;"2009-06-24";6;2;52
661;"2009-06-24";6;3;12
662;"2009-06-24";6;4;6
663;"2009-06-24";10;1;1
664;"2009-06-24";10;2;71
665;"2009-06-24";10;3;5
666;"2009-06-24";10;4;9
667;"2009-06-24";1;2;64
668;"2009-06-24";1;3;14
669;"2009-06-24";1;4;12
670;"2009-06-24";11;2;68
671;"2009-06-24";11;3;19
672;"2009-06-24";11;4;45
673;"2009-06-24";7;1;7
674;"2009-06-24";7;2;2
675;"2009-06-24";7;3;4
676;"2009-06-24";7;4;3
677;"2009-06-24";12;2;16
678;"2009-06-24";12;3;4
679;"2009-06-24";8;1;3
680;"2009-06-24";8;2;75
681;"2009-06-24";8;3;14
682;"2009-06-24";8;4;56
683;"2009-06-24";14;2;1
684;"2009-06-24";14;4;5
685;"2009-06-24";22;2;15
686;"2009-06-24";22;4;12
687;"2009-06-24";28;2;6
688;"2009-10-13";29;3;1
689;"2009-10-13";16;3;1
690;"2009-10-13";16;4;2
691;"2009-10-13";29;1;0
692;"2009-10-13";29;2;0
693;"2009-10-13";29;3;0
694;"2009-10-13";29;4;0
695;"2009-09-13";3;2;1
696;"2009-09-13";3;3;1
697;"2009-09-13";3;4;4
698;"2009-09-13";4;2;5
699;"2009-09-13";4;4;15
700;"2009-09-13";13;4;25
701;"2009-09-13";9;1;2
702;"2009-09-13";9;2;5
703;"2009-09-13";9;3;1
704;"2009-09-13";5;1;1
705;"2009-09-13";5;2;3
706;"2009-09-13";5;3;5
707;"2009-09-13";5;4;2
708;"2009-09-13";2;2;12
709;"2009-09-13";2;3;3
710;"2009-09-13";2;4;13
711;"2009-09-13";6;2;3
712;"2009-09-13";6;3;6
713;"2009-09-13";6;4;15
714;"2009-09-13";10;2;7
715;"2009-09-13";10;3;5
716;"2009-09-13";10;4;2
717;"2009-09-13";1;3;1
718;"2009-09-13";1;4;9
719;"2009-09-13";11;2;19
720;"2009-09-13";11;3;1
721;"2009-09-13";11;4;7
722;"2009-09-13";29;3;6
723;"2009-09-13";29;4;4
724;"2009-09-13";8;3;1
725;"2009-09-13";8;4;35
726;"2009-09-13";14;2;1
727;"2009-09-13";14;4;3
728;"2009-09-13";28;4;1
732;"2009-11-04";4;2;5
733;"2009-11-04";4;3;1
734;"2009-11-04";4;4;5
735;"2009-11-04";13;4;17
736;"2009-11-04";9;4;1
737;"2009-11-04";5;2;10
738;"2009-11-04";5;4;3
739;"2009-11-04";2;2;15
740;"2009-11-04";2;4;10
741;"2009-11-04";6;2;6
742;"2009-11-04";6;3;1
743;"2009-11-04";6;4;13
744;"2009-11-04";10;2;6
745;"2009-11-04";10;3;2
746;"2009-11-04";10;4;2
747;"2009-11-04";1;2;4
748;"2009-11-04";1;3;2
749;"2009-11-04";1;4;17
750;"2009-11-04";11;2;12
751;"2009-11-04";11;3;1
752;"2009-11-04";11;4;13
753;"2009-11-04";8;2;1
754;"2009-11-04";8;3;1
755;"2009-11-04";8;4;27
756;"2009-11-04";14;4;2
757;"2009-11-04";21;2;14
758;"2009-11-21";3;2;13
759;"2009-11-21";4;2;2
760;"2009-11-21";13;4;2
761;"2009-11-21";9;2;1
762;"2009-11-21";5;2;11
763;"2009-11-21";2;2;6
764;"2009-11-21";6;2;17
765;"2009-11-21";6;4;1
766;"2009-11-21";10;2;10
767;"2009-11-21";1;2;4
768;"2009-11-21";11;2;2
769;"2009-11-21";21;2;3
770;"2009-12-02";3;4;4
771;"2009-12-02";4;2;6
772;"2009-12-02";4;3;7
773;"2009-12-02";4;4;15
774;"2009-12-02";13;3;4
775;"2009-12-02";13;4;11
776;"2009-12-02";9;2;3
777;"2009-12-02";9;3;3
778;"2009-12-02";5;2;1
779;"2009-12-02";5;3;3
780;"2009-12-02";5;4;4
781;"2009-12-02";2;2;6
782;"2009-12-02";2;4;13
783;"2009-12-02";6;2;20
784;"2009-12-02";6;3;3
785;"2009-12-02";6;4;18
786;"2009-12-02";10;1;2
787;"2009-12-02";10;2;5
788;"2009-12-02";10;3;3
789;"2009-12-02";10;4;7
790;"2009-12-02";1;2;8
791;"2009-12-02";1;4;19
792;"2009-12-02";11;4;12
793;"2009-12-02";29;4;11
794;"2009-12-02";8;2;2
795;"2009-12-02";8;3;2
796;"2009-12-02";8;4;30
797;"2009-12-02";26;2;24
798;"2010-01-07";3;2;4
799;"2010-01-07";3;3;5
800;"2010-01-07";3;4;18
801;"2010-01-07";4;1;2
802;"2010-01-07";4;2;11
803;"2010-01-07";4;3;13
804;"2010-01-07";4;4;33
805;"2010-01-07";13;2;1
806;"2010-01-07";13;3;26
807;"2010-01-07";13;4;31
808;"2010-01-07";9;2;25
809;"2010-01-07";9;3;12
810;"2010-01-07";9;4;9
811;"2010-01-07";5;2;7
812;"2010-01-07";5;3;20
813;"2010-01-07";5;4;7
814;"2010-01-07";2;2;74
815;"2010-01-07";2;3;2
816;"2010-01-07";2;4;30
817;"2010-01-07";6;2;26
818;"2010-01-07";6;3;4
819;"2010-01-07";6;4;40
820;"2010-01-07";10;2;8
821;"2010-01-07";10;3;3
822;"2010-01-07";10;4;8
823;"2010-01-07";1;2;21
824;"2010-01-07";1;3;7
825;"2010-01-07";1;4;31
826;"2010-01-07";11;2;21
827;"2010-01-07";11;3;2
828;"2010-01-07";11;4;30
829;"2010-01-07";29;3;3
830;"2010-01-07";29;4;7
831;"2010-01-07";7;3;3
832;"2010-01-07";8;2;8
833;"2010-01-07";8;3;14
834;"2010-01-07";8;4;67
835;"2010-01-07";30;3;3
836;"2010-01-07";30;4;1
837;"2010-01-07";23;2;2
838;"2010-01-07";21;2;5
839;"2010-01-07";21;3;1
840;"2010-01-07";21;4;2
841;"2010-01-07";31;2;5
842;"2010-01-07";31;3;2
888;"2010-01-07";30;1;0
932;"2010-02-03";21;2;4
931;"2010-02-03";22;2;2
930;"2010-02-03";30;4;1
929;"2010-02-03";30;3;11
928;"2010-02-03";8;4;22
927;"2010-02-03";8;3;10
926;"2010-02-03";8;2;15
925;"2010-02-03";29;4;9
924;"2010-02-03";29;3;3
923;"2010-02-03";11;4;23
922;"2010-02-03";11;2;18
921;"2010-02-03";1;4;46
920;"2010-02-03";1;3;11
919;"2010-02-03";1;2;16
918;"2010-02-03";10;4;4
917;"2010-02-03";10;3;7
916;"2010-02-03";10;2;7
915;"2010-02-03";6;4;24
914;"2010-02-03";6;3;6
913;"2010-02-03";6;2;21
912;"2010-02-03";2;4;35
911;"2010-02-03";2;2;44
910;"2010-02-03";5;4;6
909;"2010-02-03";5;3;1
908;"2010-02-03";5;2;20
907;"2010-02-03";9;4;2
906;"2010-02-03";9;3;7
905;"2010-02-03";9;2;18
904;"2010-02-03";13;4;24
903;"2010-02-03";13;3;10
902;"2010-02-03";4;4;31
901;"2010-02-03";4;3;6
900;"2010-02-03";4;2;17
899;"2010-02-03";4;1;3
898;"2010-02-03";3;4;10
897;"2010-02-03";3;3;6
896;"2010-02-03";3;1;1
895;"2010-01-07";31;4;0
894;"2010-01-07";31;3;0
893;"2010-01-07";31;2;0
892;"2010-01-07";31;1;0
891;"2010-01-07";30;4;0
890;"2010-01-07";30;3;0
889;"2010-01-07";30;2;0
933;"2010-02-03";21;4;2
934;"2010-02-03";31;3;1
935;"2010-02-03";31;4;10
936;"2010-02-15";3;2;3
937;"2010-02-15";3;3;30
938;"2010-02-15";3;4;4
939;"2010-02-15";4;2;12
940;"2010-02-15";4;3;6
941;"2010-02-15";4;4;25
942;"2010-02-15";13;4;8
943;"2010-02-15";9;2;4
944;"2010-02-15";9;3;4
945;"2010-02-15";9;4;4
946;"2010-02-15";5;2;46
947;"2010-02-15";5;3;4
948;"2010-02-15";5;4;5
949;"2010-02-15";2;2;20
950;"2010-02-15";2;3;2
951;"2010-02-15";2;4;19
952;"2010-02-15";6;2;18
953;"2010-02-15";6;3;3
954;"2010-02-15";6;4;26
955;"2010-02-15";10;2;3
956;"2010-02-15";10;4;5
957;"2010-02-15";1;2;1
958;"2010-02-15";1;3;7
959;"2010-02-15";1;4;21
960;"2010-02-15";11;4;3
961;"2010-02-15";29;4;3
962;"2010-02-15";8;1;1
963;"2010-02-15";8;2;6
964;"2010-02-15";8;3;10
965;"2010-02-15";8;4;25
966;"2010-02-15";30;3;12
967;"2010-02-15";30;4;2
968;"2010-02-15";31;4;3
969;"2010-03-01";3;2;1
970;"2010-03-01";3;3;1
971;"2010-03-01";3;4;4
972;"2010-03-01";4;1;11
973;"2010-03-01";4;2;4
974;"2010-03-01";4;3;5
975;"2010-03-01";4;4;13
976;"2010-03-01";13;1;1
977;"2010-03-01";13;3;5
978;"2010-03-01";13;4;15
979;"2010-03-01";5;1;2
980;"2010-03-01";5;2;2
981;"2010-03-01";2;2;20
982;"2010-03-01";2;3;3
983;"2010-03-01";2;4;13
984;"2010-03-01";6;1;3
985;"2010-03-01";6;2;7
986;"2010-03-01";6;3;2
987;"2010-03-01";6;4;7
988;"2010-03-01";10;1;1
989;"2010-03-01";10;2;5
990;"2010-03-01";10;4;4
991;"2010-03-01";1;3;3
992;"2010-03-01";1;4;29
993;"2010-03-01";11;2;6
994;"2010-03-01";11;4;13
995;"2010-03-01";29;4;1
996;"2010-03-01";8;2;4
997;"2010-03-01";8;3;6
998;"2010-03-01";8;4;25
999;"2010-03-01";30;3;9
1000;"2010-03-01";30;4;4
1001;"2010-03-01";21;3;2
1002;"2010-04-08";3;1;2
1003;"2010-04-08";3;2;4
1004;"2010-04-08";3;3;8
1005;"2010-04-08";3;4;13
1006;"2010-04-08";33;1;0
1007;"2010-04-08";33;2;2
1008;"2010-04-08";33;3;0
1009;"2010-04-08";33;4;0
1010;"2010-04-08";13;3;8
1011;"2010-04-08";13;4;40
1012;"2010-04-08";9;1;10
1013;"2010-04-08";9;2;12
1014;"2010-04-08";9;3;5
1015;"2010-04-08";9;4;1
1016;"2010-04-08";5;2;6
1017;"2010-04-08";5;3;6
1018;"2010-04-08";5;4;5
1019;"2010-04-08";2;2;46
1020;"2010-04-08";2;3;4
1021;"2010-04-08";2;4;23
1022;"2010-04-08";6;1;14
1023;"2010-04-08";6;2;30
1024;"2010-04-08";6;3;4
1025;"2010-04-08";6;4;22
1026;"2010-04-08";10;1;2
1027;"2010-04-08";10;2;14
1028;"2010-04-08";10;4;6
1029;"2010-04-08";1;1;11
1030;"2010-04-08";1;2;19
1031;"2010-04-08";1;3;3
1032;"2010-04-08";1;4;48
1033;"2010-04-08";11;2;6
1034;"2010-04-08";11;3;1
1035;"2010-04-08";11;4;13
1036;"2010-04-08";29;1;1
1037;"2010-04-08";29;3;1
1038;"2010-04-08";29;4;14
1039;"2010-04-08";8;1;2
1040;"2010-04-08";8;2;25
1041;"2010-04-08";8;3;1
1042;"2010-04-08";8;4;64
1043;"2010-04-08";30;1;2
1044;"2010-04-08";30;2;9
1045;"2010-04-08";30;3;33
1046;"2010-04-08";30;4;5
1047;"2010-04-08";28;2;3
1048;"2010-04-08";21;2;17
1049;"2010-04-08";21;3;6
1050;"2010-04-08";21;4;3
1051;"2010-04-08";4;1;8
1052;"2010-04-08";4;2;17
1053;"2010-04-08";4;3;18
1054;"2010-04-08";4;4;36
1055;"2010-04-08";32;1;0
1056;"2010-04-08";32;2;3
1057;"2010-04-08";32;3;0
1058;"2010-04-08";32;4;0
1059;"2010-05-11";3;2;8
1060;"2010-05-11";3;3;32
1061;"2010-05-11";3;4;13
1062;"2010-05-11";33;2;107
1063;"2010-05-11";33;4;5
1064;"2010-05-11";13;3;7
1065;"2010-05-11";13;4;13
1066;"2010-05-11";9;2;15
1067;"2010-05-11";9;3;5
1068;"2010-05-11";5;2;18
1069;"2010-05-11";5;3;8
1070;"2010-05-11";5;4;2
1071;"2010-05-11";2;2;27
1072;"2010-05-11";2;3;3
1073;"2010-05-11";2;4;21
1074;"2010-05-11";6;2;9
1075;"2010-05-11";6;3;11
1076;"2010-05-11";6;4;16
1077;"2010-05-11";10;2;14
1078;"2010-05-11";10;3;2
1079;"2010-05-11";10;4;21
1080;"2010-05-11";1;2;12
1081;"2010-05-11";1;3;3
1082;"2010-05-11";1;4;32
1083;"2010-05-11";11;2;14
1084;"2010-05-11";11;3;1
1085;"2010-05-11";11;4;7
1086;"2010-05-11";29;2;16
1087;"2010-05-11";29;4;14
1088;"2010-05-11";8;2;7
1089;"2010-05-11";8;3;6
1090;"2010-05-11";8;4;33
1091;"2010-05-11";30;2;1
1092;"2010-05-11";30;3;20
1093;"2010-05-11";28;2;5
1094;"2010-05-11";28;3;2
1095;"2010-05-11";28;4;4
1096;"2010-05-11";21;2;3
1097;"2010-05-11";21;3;3
1098;"2010-05-11";21;4;3
1099;"2010-05-11";4;3;2
1100;"2010-05-11";4;4;2
1101;"2010-05-11";32;2;4
1102;"2010-05-11";32;3;2
1103;"2010-05-11";32;4;3
1104;"2010-06-03";3;5;0
1105;"2010-06-03";15;5;0
1106;"2010-06-03";33;5;0
1107;"2010-06-03";18;5;0
1108;"2010-06-03";13;5;5
1109;"2010-06-03";17;5;0
1110;"2010-06-03";9;5;0
1111;"2010-06-03";5;5;4
1112;"2010-06-03";2;5;8
1113;"2010-06-03";6;5;4
1114;"2010-06-03";10;5;10
1115;"2010-06-03";1;5;1
1116;"2010-06-03";11;5;11
1117;"2010-06-03";29;5;0
1118;"2010-06-03";7;5;0
1119;"2010-06-03";12;5;0
1120;"2010-06-03";24;5;0
1121;"2010-06-03";19;5;0
1122;"2010-06-03";8;5;4
1123;"2010-06-03";20;5;0
1124;"2010-06-03";30;5;0
1125;"2010-06-03";14;5;0
1126;"2010-06-03";16;5;0
1127;"2010-06-03";22;5;0
1128;"2010-06-03";27;5;0
1129;"2010-06-03";28;5;0
1130;"2010-06-03";25;5;0
1131;"2010-06-03";23;5;0
1132;"2010-06-03";26;5;0
1133;"2010-06-03";21;5;0
1134;"2010-06-03";31;5;0
1135;"2010-06-03";4;5;2
1136;"2010-06-03";32;5;0
1137;"2010-06-03";3;2;2
1138;"2010-06-03";3;3;8
1139;"2010-06-03";3;4;7
1140;"2010-06-03";33;2;2
1141;"2010-06-03";13;2;1
1142;"2010-06-03";13;3;1
1143;"2010-06-03";13;4;17
1144;"2010-06-03";9;1;2
1145;"2010-06-03";9;2;3
1146;"2010-06-03";5;2;12
1147;"2010-06-03";5;3;11
1148;"2010-06-03";5;4;4
1149;"2010-06-03";2;2;6
1150;"2010-06-03";2;4;13
1151;"2010-06-03";6;2;5
1152;"2010-06-03";6;3;3
1153;"2010-06-03";6;4;3
1154;"2010-06-03";10;1;1
1155;"2010-06-03";10;2;6
1156;"2010-06-03";1;2;7
1157;"2010-06-03";1;4;16
1158;"2010-06-03";11;3;2
1159;"2010-06-03";11;4;5
1160;"2010-06-03";8;4;13
1161;"2010-06-03";30;3;6
1162;"2010-06-03";3;2;1
1163;"2010-06-03";3;4;5
1164;"2010-06-03";33;2;24
1165;"2010-06-03";33;3;10
1166;"2010-06-03";33;4;5
1167;"2010-06-03";13;3;12
1168;"2010-06-03";13;4;13
1169;"2010-06-03";9;2;3
1170;"2010-06-03";9;3;1
1171;"2010-06-03";5;2;6
1172;"2010-06-03";2;2;4
1173;"2010-06-03";2;4;11
1174;"2010-06-03";6;1;1
1175;"2010-06-03";6;2;12
1176;"2010-06-03";6;4;8
1177;"2010-06-03";10;2;3
1178;"2010-06-03";10;4;1
1179;"2010-06-03";1;2;6
1180;"2010-06-03";1;4;18
1181;"2010-06-03";11;2;3
1182;"2010-06-03";11;4;6
1183;"2010-06-03";8;2;8
1184;"2010-06-03";8;4;27
1185;"2010-06-03";30;3;5
1186;"2010-06-03";31;4;2
1187;"2010-06-25";3;1;2
1188;"2010-06-25";3;3;5
1189;"2010-06-25";3;4;4
1190;"2010-06-25";3;5;6
1191;"2010-06-25";33;2;14
1192;"2010-06-25";33;4;25
1193;"2010-06-25";33;5;1
1194;"2010-06-25";13;3;4
1195;"2010-06-25";13;4;17
1196;"2010-06-25";13;5;8
1197;"2010-06-25";9;3;1
1198;"2010-06-25";9;5;1
1199;"2010-06-25";5;2;10
1200;"2010-06-25";5;4;8
1201;"2010-06-25";2;2;8
1202;"2010-06-25";2;3;1
1203;"2010-06-25";2;4;25
1204;"2010-06-25";2;5;1
1205;"2010-06-25";6;2;6
1206;"2010-06-25";6;4;11
1207;"2010-06-25";10;2;6
1208;"2010-06-25";10;4;5
1209;"2010-06-25";10;5;1
1210;"2010-06-25";1;2;2
1211;"2010-06-25";1;4;22
1212;"2010-06-25";1;5;3
1213;"2010-06-25";11;1;1
1214;"2010-06-25";11;2;2
1215;"2010-06-25";11;3;2
1216;"2010-06-25";11;4;11
1217;"2010-06-25";8;2;1
1218;"2010-06-25";8;3;1
1219;"2010-06-25";8;4;41
1220;"2010-06-25";30;3;2
1221;"2010-06-25";30;5;8
1222;"2010-06-25";22;2;1
1223;"2010-06-25";4;3;2
1224;"2010-06-25";4;4;7
1225;"2010-06-25";32;4;1
1226;"2010-07-19";3;1;7
1227;"2010-07-19";3;2;4
1228;"2010-07-19";3;3;11
1229;"2010-07-19";3;4;5
1230;"2010-07-19";33;2;32
1231;"2010-07-19";33;3;3
1232;"2010-07-19";33;4;13
1233;"2010-07-19";33;5;1
1234;"2010-07-19";13;3;3
1235;"2010-07-19";13;4;1
1236;"2010-07-19";13;5;1
1237;"2010-07-19";9;3;1
1238;"2010-07-19";5;2;2
1239;"2010-07-19";5;3;2
1240;"2010-07-19";2;2;4
1241;"2010-07-19";2;3;2
1242;"2010-07-19";2;4;4
1243;"2010-07-19";6;4;3
1244;"2010-07-19";10;2;24
1245;"2010-07-19";10;3;24
1246;"2010-07-19";10;4;2
1247;"2010-07-19";1;1;-11
1248;"2010-07-19";1;2;25
1249;"2010-07-19";1;3;1
1250;"2010-07-19";1;4;8
1251;"2010-07-19";11;2;3
1252;"2010-07-19";11;3;2
1253;"2010-07-19";11;4;2
1254;"2010-07-19";11;5;1
1255;"2010-07-19";8;1;2
1256;"2010-07-19";8;2;8
1257;"2010-07-19";8;3;3
1258;"2010-07-19";8;4;46
1259;"2010-07-19";21;3;1
1260;"2010-07-19";3;2;1
1261;"2010-07-19";3;3;1
1262;"2010-07-19";33;2;105
1263;"2010-07-19";33;3;17
1264;"2010-07-19";33;4;22
1265;"2010-07-19";13;3;8
1266;"2010-07-19";13;4;18
1267;"2010-07-19";13;5;1
1268;"2010-07-19";9;4;1
1269;"2010-07-19";5;1;2
1270;"2010-07-19";5;2;25
1271;"2010-07-19";5;4;7
1272;"2010-07-19";2;1;3
1273;"2010-07-19";2;2;10
1274;"2010-07-19";2;3;9
1275;"2010-07-19";2;4;17
1276;"2010-07-19";6;4;6
1277;"2010-07-19";1;2;16
1278;"2010-07-19";1;3;12
1279;"2010-07-19";1;4;11
1280;"2010-07-19";11;2;3
1281;"2010-07-19";11;3;5
1282;"2010-07-19";11;4;19
1283;"2010-07-19";7;3;4
1284;"2010-07-19";7;4;4
1285;"2010-07-19";8;1;1
1286;"2010-07-19";8;2;3
1287;"2010-07-19";8;3;8
1288;"2010-07-19";8;4;37
1289;"2010-07-19";21;2;26
1290;"2010-07-19";21;3;23
1291;"2010-08-08";3;4;1
1292;"2010-08-08";33;2;9
1293;"2010-08-08";33;4;78
1294;"2010-08-08";13;4;10
1295;"2010-08-08";9;3;2
1296;"2010-08-08";9;4;3
1297;"2010-08-08";2;4;8
1298;"2010-08-08";6;1;1
1299;"2010-08-08";10;4;3
1300;"2010-08-08";1;2;2
1301;"2010-08-08";11;2;1
1302;"2010-08-08";11;4;16
1303;"2010-08-08";7;4;3
1304;"2010-08-08";8;2;5
1305;"2010-08-08";8;3;2
1306;"2010-08-08";21;2;10
1307;"2010-08-08";21;3;1
1308;"2010-08-08";4;2;1
1309;"2010-08-08";9;1;26
1310;"2010-08-08";9;2;3
1311;"2010-08-08";2;2;22
1312;"2010-08-08";6;2;11
1313;"2010-08-08";6;4;9
1314;"2010-08-08";10;2;9
1315;"2010-08-08";1;4;14
1316;"2010-08-08";11;4;21
1317;"2010-08-08";8;4;26
1318;"2010-08-08";22;4;2
1319;"2010-09-08";3;2;1
1320;"2010-09-08";3;3;6
1321;"2010-09-08";3;5;1
1322;"2010-09-08";33;1;48
1323;"2010-09-08";33;2;3
1324;"2010-09-08";33;4;14
1325;"2010-09-08";13;1;2
1326;"2010-09-08";13;2;6
1327;"2010-09-08";13;3;8
1328;"2010-09-08";13;4;5
1329;"2010-09-08";9;2;4
1330;"2010-09-08";9;3;2
1331;"2010-09-08";5;1;2
1332;"2010-09-08";5;3;1
1333;"2010-09-08";2;2;2
1334;"2010-09-08";2;4;8
1335;"2010-09-08";6;2;6
1336;"2010-09-08";6;4;3
1337;"2010-09-08";10;2;1
1338;"2010-09-08";10;4;1
1339;"2010-09-08";10;5;1
1340;"2010-09-08";1;2;3
1341;"2010-09-08";1;4;6
1342;"2010-09-08";11;1;1
1343;"2010-09-08";11;4;15
1344;"2010-09-08";8;4;11
1345;"2010-09-08";30;1;1
1346;"2010-09-08";30;2;4
1347;"2010-09-08";30;3;4
1348;"2010-09-08";30;4;4
1349;"2010-09-08";3;3;3
1350;"2010-09-08";33;2;12
1351;"2010-09-08";33;4;40
1352;"2010-09-08";13;4;22
1353;"2010-09-08";9;1;9
1354;"2010-09-08";9;2;3
1355;"2010-09-08";9;3;2
1356;"2010-09-08";2;1;1
1357;"2010-09-08";2;2;10
1358;"2010-09-08";2;3;3
1359;"2010-09-08";2;4;25
1360;"2010-09-08";6;1;2
1361;"2010-09-08";6;4;17
1362;"2010-09-08";1;2;1
1363;"2010-09-08";1;4;17
1364;"2010-09-08";11;2;1
1365;"2010-09-08";11;4;27
1366;"2010-09-08";7;4;5
1367;"2010-09-08";8;3;1
1368;"2010-09-08";8;4;30
1369;"2010-09-08";22;4;1
1370;"2010-09-08";21;4;2
1371;"2010-09-08";32;4;1
1372;"2010-10-17";34;1;0
1373;"2010-10-17";34;2;0
1374;"2010-10-17";34;3;0
1375;"2010-10-17";34;4;0
1376;"2010-10-17";34;5;0
1377;"2010-10-17";35;1;0
1378;"2010-10-17";35;2;0
1379;"2010-10-17";35;3;0
1380;"2010-10-17";35;4;0
1381;"2010-10-17";35;5;0
1382;"2010-10-17";3;1;1
1383;"2010-10-17";3;2;1
1384;"2010-10-17";3;3;11
1385;"2010-10-17";3;4;21
1386;"2010-10-17";3;5;6
1387;"2010-10-17";33;2;27
1388;"2010-10-17";33;3;1
1389;"2010-10-17";33;4;52
1390;"2010-10-17";35;2;3
1391;"2010-10-17";35;4;5
1392;"2010-10-17";9;2;11
1393;"2010-10-17";9;3;7
1394;"2010-10-17";5;2;4
1395;"2010-10-17";5;3;5
1396;"2010-10-17";5;4;2
1397;"2010-10-17";2;2;17
1398;"2010-10-17";2;3;5
1399;"2010-10-17";2;4;33
1400;"2010-10-17";2;5;18
1401;"2010-10-17";6;2;45
1402;"2010-10-17";6;3;5
1403;"2010-10-17";6;4;24
1404;"2010-10-17";10;1;4
1405;"2010-10-17";10;2;2
1406;"2010-10-17";10;4;1
1407;"2010-10-17";1;2;21
1408;"2010-10-17";1;4;25
1409;"2010-10-17";1;5;3
1410;"2010-10-17";11;2;9
1411;"2010-10-17";11;3;2
1412;"2010-10-17";11;4;23
1413;"2010-10-17";11;5;2
1414;"2010-10-17";7;1;2
1415;"2010-10-17";7;2;1
1416;"2010-10-17";7;3;1
1417;"2010-10-17";7;4;5
1418;"2010-10-17";8;1;1
1419;"2010-10-17";8;2;2
1420;"2010-10-17";8;4;33
1421;"2010-10-17";8;5;1
1422;"2010-10-17";30;2;1
1423;"2010-10-17";30;3;23
1424;"2010-10-17";30;5;6
1425;"2010-10-17";34;2;2
1426;"2010-10-17";21;4;4
1427;"2010-10-17";32;2;3
1428;"2010-10-17";32;3;4
1429;"2010-10-17";32;4;2
1430;"2010-11-16";3;4;3
1431;"2010-11-16";33;2;23
1432;"2010-11-16";33;4;28
1433;"2010-11-16";35;2;4
1434;"2010-11-16";35;4;6
1435;"2010-11-16";9;2;3
1436;"2010-11-16";9;3;1
1437;"2010-11-16";2;2;10
1438;"2010-11-16";2;3;7
1439;"2010-11-16";2;4;29
1440;"2010-11-16";6;2;5
1441;"2010-11-16";6;4;8
1442;"2010-11-16";10;1;2
1443;"2010-11-16";10;4;2
1444;"2010-11-16";1;2;12
1445;"2010-11-16";1;4;17
1446;"2010-11-16";11;2;5
1447;"2010-11-16";11;4;32
1448;"2010-11-16";7;2;2
1449;"2010-11-16";7;4;8
1450;"2010-11-16";8;4;31
1451;"2010-11-16";30;3;6
1452;"2010-11-16";30;4;1
1453;"2010-11-16";22;2;1
1454;"2010-11-16";22;4;1
1455;"2010-11-16";21;4;2
1456;"2010-11-16";32;2;1
1457;"2010-11-16";32;3;1
1458;"2010-11-16";3;1;2
1459;"2010-11-16";3;2;4
1460;"2010-11-16";3;3;8
1461;"2010-11-16";3;4;5
1462;"2010-11-16";33;1;3
1463;"2010-11-16";33;2;4
1464;"2010-11-16";33;4;11
1465;"2010-11-16";35;2;2
1466;"2010-11-16";9;2;2
1467;"2010-11-16";5;4;1
1468;"2010-11-16";2;2;6
1469;"2010-11-16";2;4;13
1470;"2010-11-16";6;2;1
1471;"2010-11-16";6;4;4
1472;"2010-11-16";10;2;6
1473;"2010-11-16";10;3;1
1474;"2010-11-16";10;4;1
1475;"2010-11-16";1;2;1
1476;"2010-11-16";1;3;1
1477;"2010-11-16";11;4;2
1478;"2010-11-16";8;4;11
1479;"2010-11-16";30;1;5
1480;"2010-11-16";30;2;9
1481;"2010-11-16";30;3;9
1482;"2010-11-16";30;4;1
1483;"2010-11-16";22;2;2
1484;"2010-11-16";13;4;2
1485;"2010-11-16";32;2;2
1486;"2010-11-16";32;3;2
1487;"2010-11-16";32;4;1
1488;"2010-12-15";3;1;4
1489;"2010-12-15";3;3;1
1490;"2010-12-15";3;4;9
1491;"2010-12-15";33;2;10
1492;"2010-12-15";33;4;56
1493;"2010-12-15";35;2;6
1494;"2010-12-15";35;4;5
1495;"2010-12-15";9;1;2
1496;"2010-12-15";5;2;11
1497;"2010-12-15";5;3;2
1498;"2010-12-15";5;4;4
1499;"2010-12-15";2;2;9
1500;"2010-12-15";2;4;30
1501;"2010-12-15";6;2;21
1502;"2010-12-15";6;4;18
1503;"2010-12-15";10;2;1
1504;"2010-12-15";10;4;3
1505;"2010-12-15";1;2;7
1506;"2010-12-15";1;3;1
1507;"2010-12-15";1;4;36
1508;"2010-12-15";11;4;34
1509;"2010-12-15";7;2;2
1510;"2010-12-15";7;3;1
1511;"2010-12-15";7;4;8
1512;"2010-12-15";8;2;1
1513;"2010-12-15";8;4;52
1514;"2010-12-15";30;1;1
1515;"2010-12-15";30;2;5
1516;"2010-12-15";30;3;8
1517;"2010-12-15";34;4;1
1518;"2011-01-06";3;1;1
1519;"2011-01-06";33;2;33
1520;"2011-01-06";33;4;14
1521;"2011-01-06";35;2;16
1522;"2011-01-06";35;3;2
1523;"2011-01-06";35;4;3
1524;"2011-01-06";9;2;5
1525;"2011-01-06";9;3;2
1526;"2011-01-06";5;2;2
1527;"2011-01-06";5;3;3
1528;"2011-01-06";5;4;2
1529;"2011-01-06";2;2;21
1530;"2011-01-06";2;4;17
1531;"2011-01-06";6;2;13
1532;"2011-01-06";6;4;8
1533;"2011-01-06";10;2;4
1534;"2011-01-06";10;4;1
1535;"2011-01-06";1;2;17
1536;"2011-01-06";1;3;5
1537;"2011-01-06";1;4;16
1538;"2011-01-06";11;2;1
1539;"2011-01-06";11;4;23
1540;"2011-01-06";7;2;3
1541;"2011-01-06";7;3;3
1542;"2011-01-06";7;4;4
1543;"2011-01-06";8;2;2
1544;"2011-01-06";8;4;47
1545;"2011-01-06";30;2;8
1546;"2011-01-06";30;3;7
1547;"2011-01-06";30;4;3
1548;"2011-01-06";32;2;1
1549;"2011-02-03";3;2;1
1550;"2011-02-03";3;3;4
1551;"2011-02-03";3;4;10
1552;"2011-02-03";33;2;5
1553;"2011-02-03";33;3;3
1554;"2011-02-03";33;4;20
1555;"2011-02-03";35;2;2
1556;"2011-02-03";35;4;12
1557;"2011-02-03";9;1;4
1558;"2011-02-03";9;2;7
1559;"2011-02-03";9;3;5
1560;"2011-02-03";9;4;1
1561;"2011-02-03";5;2;2
1562;"2011-02-03";5;3;1
1563;"2011-02-03";2;2;6
1564;"2011-02-03";2;4;4
1565;"2011-02-03";6;2;5
1566;"2011-02-03";6;4;10
1567;"2011-02-03";1;1;1
1568;"2011-02-03";1;2;2
1569;"2011-02-03";1;3;3
1570;"2011-02-03";1;4;31
1571;"2011-02-03";11;2;1
1572;"2011-02-03";11;4;22
1573;"2011-02-03";8;2;1
1574;"2011-02-03";8;4;2
1575;"2011-02-03";30;3;9
1576;"2011-02-03";34;1;2
1577;"2011-02-03";34;2;1
1578;"2011-02-03";34;3;1
1579;"2011-02-03";34;4;1
1580;"2011-02-03";13;4;1
1581;"2011-02-03";32;2;7
1582;"2011-02-03";32;3;2
1583;"2011-02-03";32;4;1
1584;"2011-02-03";36;1;0
1585;"2011-02-03";36;2;0
1586;"2011-02-03";36;3;0
1587;"2011-02-03";36;4;0
1588;"2011-02-03";36;5;0
1589;"2011-03-06";37;1;0
1590;"2011-03-06";37;2;0
1591;"2011-03-06";37;3;0
1592;"2011-03-06";37;4;0
1593;"2011-03-06";37;5;0
1594;"2011-03-06";37;2;17
1595;"2011-03-06";37;4;4
1596;"2011-03-06";3;1;2
1597;"2011-03-06";3;2;4
1598;"2011-03-06";3;3;4
1599;"2011-03-06";3;4;6
1600;"2011-03-06";33;2;48
1601;"2011-03-06";33;4;25
1602;"2011-03-06";35;2;6
1603;"2011-03-06";35;4;8
1604;"2011-03-06";9;2;18
1605;"2011-03-06";9;3;1
1606;"2011-03-06";5;2;1
1607;"2011-03-06";5;4;2
1608;"2011-03-06";2;2;14
1609;"2011-03-06";2;3;1
1610;"2011-03-06";2;4;25
1611;"2011-03-06";6;2;19
1612;"2011-03-06";6;4;21
1613;"2011-03-06";10;2;2
1614;"2011-03-06";10;4;3
1615;"2011-03-06";1;1;1
1616;"2011-03-06";1;2;22
1617;"2011-03-06";1;3;2
1618;"2011-03-06";1;4;8
1619;"2011-03-06";11;2;3
1620;"2011-03-06";11;4;24
1621;"2011-03-06";36;1;1
1622;"2011-03-06";36;2;2
1623;"2011-03-06";36;3;1
1624;"2011-03-06";36;4;6
1625;"2011-03-06";8;2;4
1626;"2011-03-06";8;3;2
1627;"2011-03-06";8;4;55
1628;"2011-03-06";30;1;1
1629;"2011-03-06";30;2;4
1630;"2011-03-06";30;3;7
1631;"2011-03-06";30;4;9
1632;"2011-03-06";34;3;4
1633;"2011-03-06";4;2;5
1634;"2011-03-06";4;4;5
1635;"2011-03-06";32;4;1
1636;"2011-04-07";37;1;16
1637;"2011-04-07";37;2;23
1638;"2011-04-07";37;4;34
1639;"2011-04-07";3;1;7
1640;"2011-04-07";3;2;4
1641;"2011-04-07";3;4;18
1642;"2011-04-07";33;2;10
1643;"2011-04-07";33;4;21
1644;"2011-04-07";35;1;1
1645;"2011-04-07";35;2;5
1646;"2011-04-07";35;4;18
1647;"2011-04-07";9;1;8
1648;"2011-04-07";9;2;2
1649;"2011-04-07";9;4;10
1650;"2011-04-07";5;2;8
1651;"2011-04-07";5;4;6
1652;"2011-04-07";2;2;34
1653;"2011-04-07";2;4;22
1654;"2011-04-07";6;2;17
1655;"2011-04-07";6;4;32
1656;"2011-04-07";10;2;1
1657;"2011-04-07";10;4;2
1658;"2011-04-07";1;2;23
1659;"2011-04-07";1;4;21
1660;"2011-04-07";11;2;11
1661;"2011-04-07";11;4;27
1662;"2011-04-07";36;1;2
1663;"2011-04-07";36;2;26
1664;"2011-04-07";36;4;30
1665;"2011-04-07";8;2;11
1666;"2011-04-07";8;4;93
1667;"2011-04-07";30;1;4
1668;"2011-04-07";30;4;2
1669;"2011-04-07";34;4;2
1670;"2011-04-07";22;4;2
1671;"2011-05-12";38;1;0
1672;"2011-05-12";38;2;0
1673;"2011-05-12";38;3;0
1674;"2011-05-12";38;4;0
1675;"2011-05-12";38;5;0
1676;"2011-05-12";37;2;20
1677;"2011-05-12";37;3;2
1678;"2011-05-12";37;4;32
1679;"2011-05-12";3;2;13
1680;"2011-05-12";3;3;4
1681;"2011-05-12";3;4;22
1682;"2011-05-12";33;1;2
1683;"2011-05-12";33;2;20
1684;"2011-05-12";33;4;24
1685;"2011-05-12";35;2;3
1686;"2011-05-12";35;3;3
1687;"2011-05-12";35;4;17
1688;"2011-05-12";9;1;2
1689;"2011-05-12";9;2;25
1690;"2011-05-12";9;3;2
1691;"2011-05-12";9;4;1
1692;"2011-05-12";5;3;5
1693;"2011-05-12";5;4;2
1694;"2011-05-12";6;2;18
1695;"2011-05-12";6;3;4
1696;"2011-05-12";6;4;5
1697;"2011-05-12";10;1;2
1698;"2011-05-12";10;4;1
1699;"2011-05-12";1;2;23
1700;"2011-05-12";1;3;19
1701;"2011-05-12";1;4;27
1702;"2011-05-12";11;2;2
1703;"2011-05-12";11;4;17
1704;"2011-05-12";36;2;4
1705;"2011-05-12";36;3;4
1706;"2011-05-12";36;4;8
1707;"2011-05-12";38;2;2
1708;"2011-05-12";30;2;7
1709;"2011-05-12";30;3;33
1710;"2011-05-12";30;4;6
1711;"2011-05-12";34;4;2
1712;"2011-05-12";8;4;1
1713;"2011-05-12";32;4;1
1714;"2011-06-08";37;1;1
1715;"2011-06-08";37;2;16
1716;"2011-06-08";37;4;13
1717;"2011-06-08";3;1;10
1718;"2011-06-08";3;2;2
1719;"2011-06-08";3;3;22
1720;"2011-06-08";3;4;15
1721;"2011-06-08";33;2;41
1722;"2011-06-08";33;3;3
1723;"2011-06-08";33;4;22
1724;"2011-06-08";35;1;4
1725;"2011-06-08";35;2;3
1726;"2011-06-08";35;4;7
1727;"2011-06-08";9;1;1
1728;"2011-06-08";9;2;8
1729;"2011-06-08";9;4;1
1730;"2011-06-08";5;2;5
1731;"2011-06-08";5;3;4
1732;"2011-06-08";5;4;4
1733;"2011-06-08";42;1;1
1734;"2011-06-08";40;1;3
1735;"2011-06-08";40;2;15
1736;"2011-06-08";40;4;5
1737;"2011-06-08";1;1;1
1738;"2011-06-08";1;2;15
1739;"2011-06-08";1;3;3
1740;"2011-06-08";1;4;20
1741;"2011-06-08";36;2;36
1742;"2011-06-08";36;3;5
1743;"2011-06-08";36;4;12
1744;"2011-06-08";39;2;5
1745;"2011-06-08";38;2;24
1746;"2011-06-08";38;3;4
1747;"2011-06-08";38;4;1
1748;"2011-06-08";30;3;14
1749;"2011-06-08";30;4;4
1750;"2011-06-08";34;4;1
1751;"2011-06-08";4;3;1
1752;"2011-06-08";4;4;4
1753;"2011-06-08";6;1;2
1754;"2011-06-08";6;2;32
1755;"2011-06-08";6;3;5
1756;"2011-06-08";6;4;4
1757;"2011-06-08";43;1;0
1758;"2011-06-08";43;2;0
1759;"2011-06-08";43;3;0
1760;"2011-06-08";43;4;0
1761;"2011-06-08";43;5;0
1762;"2011-06-08";42;1;0
1763;"2011-06-08";42;2;0
1764;"2011-06-08";42;3;0
1765;"2011-06-08";42;4;0
1766;"2011-06-08";42;5;0
1767;"2011-06-08";40;1;0
1768;"2011-06-08";40;2;0
1769;"2011-06-08";40;3;0
1770;"2011-06-08";40;4;0
1771;"2011-06-08";40;5;0
1772;"2011-06-08";41;1;0
1773;"2011-06-08";41;2;0
1774;"2011-06-08";41;3;0
1775;"2011-06-08";41;4;0
1776;"2011-06-08";41;5;0
1777;"2011-06-08";39;1;0
1778;"2011-06-08";39;2;0
1779;"2011-06-08";39;3;0
1780;"2011-06-08";39;4;0
1781;"2011-06-08";39;5;0
1782;"2011-07-10";37;2;6
1783;"2011-07-10";37;4;12
1784;"2011-07-10";3;3;5
1785;"2011-07-10";3;4;16
1786;"2011-07-10";33;2;13
1787;"2011-07-10";33;4;55
1788;"2011-07-10";35;1;3
1789;"2011-07-10";35;2;4
1790;"2011-07-10";35;4;7
1791;"2011-07-10";9;2;2
1792;"2011-07-10";9;3;1
1793;"2011-07-10";9;4;1
1794;"2011-07-10";5;1;2
1795;"2011-07-10";5;2;12
1796;"2011-07-10";5;4;3
1797;"2011-07-10";43;2;4
1798;"2011-07-10";43;3;1
1799;"2011-07-10";43;4;10
1800;"2011-07-10";42;4;18
1801;"2011-07-10";40;1;13
1802;"2011-07-10";40;2;42
1803;"2011-07-10";40;3;1
1804;"2011-07-10";40;4;21
1805;"2011-07-10";1;1;1
1806;"2011-07-10";1;2;28
1807;"2011-07-10";1;3;3
1808;"2011-07-10";1;4;24
1809;"2011-07-10";41;1;5
1810;"2011-07-10";41;2;23
1811;"2011-07-10";36;1;1
1812;"2011-07-10";36;2;34
1813;"2011-07-10";36;3;5
1814;"2011-07-10";36;4;10
1815;"2011-07-10";39;1;7
1816;"2011-07-10";39;2;8
1817;"2011-07-10";39;3;3
1818;"2011-07-10";39;4;1
1819;"2011-07-10";38;2;27
1820;"2011-07-10";30;1;1
1821;"2011-07-10";30;2;11
1822;"2011-07-10";30;3;8
1823;"2011-07-10";30;4;7
1824;"2011-07-10";34;2;4
1825;"2011-07-10";11;2;1
1826;"2011-07-10";32;2;2
1827;"2011-07-10";32;3;2
1828;"2011-07-10";32;4;4
1829;"2011-08-15";37;2;11
1830;"2011-08-15";37;4;18
1831;"2011-08-15";33;2;19
1832;"2011-08-15";33;4;27
1833;"2011-08-15";35;2;18
1834;"2011-08-15";35;4;8
1835;"2011-08-15";9;2;17
1836;"2011-08-15";5;1;1
1837;"2011-08-15";5;2;12
1838;"2011-08-15";5;4;4
1839;"2011-08-15";43;2;1
1840;"2011-08-15";43;4;5
1841;"2011-08-15";42;4;8
1842;"2011-08-15";40;1;1
1843;"2011-08-15";40;2;8
1844;"2011-08-15";40;4;1
1845;"2011-08-15";1;2;27
1846;"2011-08-15";1;4;36
1847;"2011-08-15";41;2;14
1848;"2011-08-15";41;4;3
1849;"2011-08-15";36;2;31
1850;"2011-08-15";36;4;6
1851;"2011-08-15";39;2;32
1852;"2011-08-15";39;3;4
1853;"2011-08-15";39;4;4
1854;"2011-08-15";38;2;5
1855;"2011-08-15";30;3;8
1856;"2011-08-15";30;4;1
1857;"2011-08-15";22;2;3
1858;"2011-08-15";6;2;25
1859;"2011-08-15";6;4;4
1860;"2011-09-11";37;2;7
1861;"2011-09-11";37;4;14
1862;"2011-09-11";33;2;29
1863;"2011-09-11";33;4;29
1864;"2011-09-11";35;2;8
1865;"2011-09-11";35;4;17
1866;"2011-09-11";9;2;16
1867;"2011-09-11";9;4;2
1868;"2011-09-11";5;1;1
1869;"2011-09-11";5;2;8
1870;"2011-09-11";5;4;4
1871;"2011-09-11";43;2;5
1872;"2011-09-11";43;4;2
1873;"2011-09-11";42;2;8
1874;"2011-09-11";42;4;15
1875;"2011-09-11";40;2;9
1876;"2011-09-11";40;4;3
1877;"2011-09-11";1;1;2
1878;"2011-09-11";1;2;14
1879;"2011-09-11";1;4;11
1880;"2011-09-11";41;1;2
1881;"2011-09-11";41;2;9
1882;"2011-09-11";36;1;1
1883;"2011-09-11";36;2;16
1884;"2011-09-11";36;3;1
1885;"2011-09-11";36;4;4
1886;"2011-09-11";39;2;7
1887;"2011-09-11";38;1;5
1888;"2011-09-11";38;2;19
1889;"2011-09-11";38;4;3
1890;"2011-09-11";30;1;2
1891;"2011-09-11";30;4;1
1892;"2011-09-11";22;4;1
1893;"2011-09-11";6;4;2
1894;"2011-09-11";32;4;1
1895;"2011-09-11";44;2;6
1896;"2011-09-11";44;3;3
1897;"2011-09-11";44;4;5
1898;"2011-09-11";44;1;0
1899;"2011-09-11";44;2;0
1900;"2011-09-11";44;3;0
1901;"2011-09-11";44;4;0
1902;"2011-09-11";44;5;0
1903;"2011-10-05";37;1;1
1904;"2011-10-05";37;2;4
1905;"2011-10-05";37;3;1
1906;"2011-10-05";37;4;13
1907;"2011-10-05";45;1;3
1908;"2011-10-05";45;2;2
1909;"2011-10-05";45;3;0
1910;"2011-10-05";45;4;6
1911;"2011-10-05";45;5;0
1912;"2011-10-05";33;2;14
1913;"2011-10-05";33;3;1
1914;"2011-10-05";33;4;13
1915;"2011-10-05";35;1;1
1916;"2011-10-05";35;2;9
1917;"2011-10-05";35;3;1
1918;"2011-10-05";35;4;14
1919;"2011-10-05";9;1;12
1920;"2011-10-05";9;2;5
1921;"2011-10-05";9;3;1
1922;"2011-10-05";9;4;5
1923;"2011-10-05";5;1;1
1924;"2011-10-05";5;2;18
1925;"2011-10-05";5;3;12
1926;"2011-10-05";5;4;5
1927;"2011-10-05";43;1;1
1928;"2011-10-05";43;2;12
1929;"2011-10-05";43;4;17
1930;"2011-10-05";42;2;2
1931;"2011-10-05";42;4;24
1932;"2011-10-05";40;1;4
1933;"2011-10-05";40;2;13
1934;"2011-10-05";40;4;2
1935;"2011-10-05";1;2;25
1936;"2011-10-05";1;3;5
1937;"2011-10-05";1;4;19
1938;"2011-10-05";41;1;2
1939;"2011-10-05";41;2;24
1940;"2011-10-05";41;3;1
1941;"2011-10-05";36;1;2
1942;"2011-10-05";36;2;24
1943;"2011-10-05";36;3;14
1944;"2011-10-05";36;4;6
1945;"2011-10-05";39;3;9
1946;"2011-10-05";39;4;4
1947;"2011-10-05";38;2;17
1948;"2011-10-05";38;3;1
1949;"2011-10-05";38;4;2
1950;"2011-10-05";30;2;3
1951;"2011-10-05";30;3;15
1952;"2011-10-05";30;4;13
1953;"2011-10-05";34;2;1
1954;"2011-10-05";44;1;2
1955;"2011-10-05";44;2;25
1956;"2011-10-05";44;4;16
1957;"2011-10-05";6;2;8
1958;"2011-10-05";6;4;1
1959;"2011-10-05";32;1;6
1960;"2011-10-05";32;4;1
1961;"2011-10-05";45;2;4
1962;"2011-10-05";45;4;1
1963;"2011-11-06";37;2;5
1964;"2011-11-06";37;4;11
1965;"2011-11-06";45;2;1
1966;"2011-11-06";45;4;3
1967;"2011-11-06";33;2;17
1968;"2011-11-06";33;4;31
1969;"2011-11-06";35;1;3
1970;"2011-11-06";35;2;9
1971;"2011-11-06";35;4;22
1972;"2011-11-06";9;1;1
1973;"2011-11-06";9;2;1
1974;"2011-11-06";9;4;2
1975;"2011-11-06";5;1;1
1976;"2011-11-06";5;2;7
1977;"2011-11-06";5;3;2
1978;"2011-11-06";5;4;5
1979;"2011-11-06";43;4;13
1980;"2011-11-06";42;1;5
1981;"2011-11-06";42;2;3
1982;"2011-11-06";42;4;42
1983;"2011-11-06";40;1;1
1984;"2011-11-06";40;2;16
1985;"2011-11-06";40;3;2
1986;"2011-11-06";40;4;4
1987;"2011-11-06";1;2;21
1988;"2011-11-06";1;4;37
1989;"2011-11-06";41;1;1
1990;"2011-11-06";41;2;11
1991;"2011-11-06";41;4;2
1992;"2011-11-06";36;2;12
1993;"2011-11-06";36;3;8
1994;"2011-11-06";36;4;6
1995;"2011-11-06";39;1;2
1996;"2011-11-06";39;2;3
1997;"2011-11-06";39;3;8
1998;"2011-11-06";39;4;9
1999;"2011-11-06";38;1;1
2000;"2011-11-06";38;2;17
2001;"2011-11-06";38;3;2
2002;"2011-11-06";30;1;7
2003;"2011-11-06";30;2;3
2004;"2011-11-06";30;3;20
2005;"2011-11-06";30;4;24
2006;"2011-11-06";34;4;1
2007;"2011-11-06";44;1;6
2008;"2011-11-06";44;2;12
2009;"2011-11-06";44;4;9
2010;"2011-11-06";6;3;3
2011;"2011-12-04";37;2;11
2012;"2011-12-04";37;4;10
2013;"2011-12-04";45;1;1
2014;"2011-12-04";45;2;2
2015;"2011-12-04";45;4;5
2016;"2011-12-04";33;1;1
2017;"2011-12-04";33;2;14
2018;"2011-12-04";33;3;1
2019;"2011-12-04";33;4;7
2020;"2011-12-04";35;1;4
2021;"2011-12-04";35;2;5
2022;"2011-12-04";35;4;14
2023;"2011-12-04";9;1;9
2024;"2011-12-04";9;2;7
2025;"2011-12-04";9;3;3
2026;"2011-12-04";5;2;2
2027;"2011-12-04";5;3;8
2028;"2011-12-04";5;4;3
2029;"2011-12-04";43;2;2
2030;"2011-12-04";43;4;9
2031;"2011-12-04";42;1;3
2032;"2011-12-04";42;2;2
2033;"2011-12-04";42;4;13
2034;"2011-12-04";40;2;10
2035;"2011-12-04";40;3;5
2036;"2011-12-04";40;4;2
2037;"2011-12-04";1;1;1
2038;"2011-12-04";1;2;25
2039;"2011-12-04";1;3;1
2040;"2011-12-04";1;4;19
2041;"2011-12-04";41;2;13
2042;"2011-12-04";41;3;1
2043;"2011-12-04";36;2;10
2044;"2011-12-04";36;3;5
2045;"2011-12-04";36;4;6
2046;"2011-12-04";39;3;4
2047;"2011-12-04";39;4;5
2048;"2011-12-04";38;1;3
2049;"2011-12-04";38;2;14
2050;"2011-12-04";38;4;7
2051;"2011-12-04";30;1;1
2052;"2011-12-04";30;2;2
2053;"2011-12-04";30;3;4
2054;"2011-12-04";30;4;81
2055;"2011-12-04";34;2;2
2056;"2011-12-04";44;1;1
2057;"2011-12-04";44;2;11
2058;"2011-12-04";44;4;25
2059;"2011-12-04";32;2;1
2060;"2011-12-04";32;3;2
2061;"2012-01-05";37;1;1
2062;"2012-01-05";37;2;23
2063;"2012-01-05";37;3;2
2064;"2012-01-05";37;4;11
2065;"2012-01-05";3;1;3
2066;"2012-01-05";3;3;3
2067;"2012-01-05";3;4;2
2068;"2012-01-05";33;2;1
2069;"2012-01-05";33;3;2
2070;"2012-01-05";33;4;2
2071;"2012-01-05";35;1;5
2072;"2012-01-05";35;2;6
2073;"2012-01-05";35;3;4
2074;"2012-01-05";35;4;14
2075;"2012-01-05";9;1;24
2076;"2012-01-05";9;2;6
2077;"2012-01-05";9;3;10
2078;"2012-01-05";9;4;2
2079;"2012-01-05";5;1;4
2080;"2012-01-05";5;2;25
2081;"2012-01-05";5;3;22
2082;"2012-01-05";5;4;7
2083;"2012-01-05";43;3;1
2084;"2012-01-05";43;4;20
2085;"2012-01-05";42;2;8
2086;"2012-01-05";42;4;26
2087;"2012-01-05";40;2;20
2088;"2012-01-05";40;4;2
2089;"2012-01-05";1;1;1
2090;"2012-01-05";1;2;22
2091;"2012-01-05";1;3;7
2092;"2012-01-05";1;4;25
2093;"2012-01-05";41;1;2
2094;"2012-01-05";41;2;19
2095;"2012-01-05";41;3;1
2096;"2012-01-05";41;4;2
2097;"2012-01-05";36;1;2
2098;"2012-01-05";36;2;7
2099;"2012-01-05";36;3;5
2100;"2012-01-05";36;4;22
2101;"2012-01-05";39;1;7
2102;"2012-01-05";39;2;2
2103;"2012-01-05";39;3;10
2104;"2012-01-05";39;4;10
2105;"2012-01-05";38;2;12
2106;"2012-01-05";38;3;5
2107;"2012-01-05";38;4;5
2108;"2012-01-05";30;2;1
2109;"2012-01-05";30;3;20
2110;"2012-01-05";30;4;8
2111;"2012-01-05";34;2;2
2112;"2012-01-05";44;1;5
2113;"2012-01-05";44;2;11
2114;"2012-01-05";44;3;1
2115;"2012-01-05";44;4;20
2116;"2012-01-05";6;1;4
2117;"2012-01-05";6;2;5
2118;"2012-01-05";6;3;1
2119;"2012-01-05";32;1;5
2120;"2012-01-05";32;2;5
2121;"2012-01-05";32;3;10
2122;"2012-02-18";37;2;32
2123;"2012-02-18";37;3;3
2124;"2012-02-18";37;4;25
2125;"2012-02-18";3;1;5
2126;"2012-02-18";3;2;5
2127;"2012-02-18";3;3;11
2128;"2012-02-18";3;4;15
2129;"2012-02-18";33;2;54
2130;"2012-02-18";33;3;4
2131;"2012-02-18";33;4;15
2132;"2012-02-18";35;1;2
2133;"2012-02-18";35;2;27
2134;"2012-02-18";35;3;6
2135;"2012-02-18";35;4;22
2136;"2012-02-18";9;1;15
2137;"2012-02-18";9;2;19
2138;"2012-02-18";9;3;6
2139;"2012-02-18";9;4;8
2140;"2012-02-18";5;1;1
2141;"2012-02-18";5;2;2
2142;"2012-02-18";5;4;9
2143;"2012-02-18";43;2;26
2144;"2012-02-18";43;3;1
2145;"2012-02-18";43;4;21
2146;"2012-02-18";42;2;8
2147;"2012-02-18";42;4;29
2148;"2012-02-18";40;2;37
2149;"2012-02-18";40;4;6
2150;"2012-02-18";1;2;38
2151;"2012-02-18";1;3;4
2152;"2012-02-18";1;4;8
2153;"2012-02-18";41;2;29
2154;"2012-02-18";41;3;5
2155;"2012-02-18";41;4;2
2156;"2012-02-18";36;2;21
2157;"2012-02-18";36;3;5
2158;"2012-02-18";36;4;18
2159;"2012-02-18";39;1;4
2160;"2012-02-18";39;2;10
2161;"2012-02-18";39;3;22
2162;"2012-02-18";39;4;7
2163;"2012-02-18";38;2;17
2164;"2012-02-18";38;3;1
2165;"2012-02-18";38;4;10
2166;"2012-02-18";30;3;6
2167;"2012-02-18";30;4;2
2168;"2012-02-18";34;2;1
2169;"2012-02-18";44;2;16
2170;"2012-02-18";44;4;19
2171;"2012-02-18";6;2;5
2172;"2012-02-18";6;3;5
2173;"2012-02-18";33;2;19
2174;"2012-03-12";37;1;7
2175;"2012-03-12";37;2;3
2176;"2012-03-12";37;3;2
2177;"2012-03-12";37;4;6
2178;"2012-03-12";3;2;2
2179;"2012-03-12";3;3;3
2180;"2012-03-12";3;4;5
2181;"2012-03-12";33;2;10
2182;"2012-03-12";35;1;3
2183;"2012-03-12";35;2;2
2184;"2012-03-12";35;3;7
2185;"2012-03-12";35;4;9
2186;"2012-03-12";9;1;4
2187;"2012-03-12";9;2;6
2188;"2012-03-12";9;3;4
2189;"2012-03-12";9;4;31
2190;"2012-03-12";5;1;11
2191;"2012-03-12";5;2;13
2192;"2012-03-12";5;3;4
2193;"2012-03-12";5;4;3
2194;"2012-03-12";43;2;7
2195;"2012-03-12";43;3;6
2196;"2012-03-12";43;4;21
2197;"2012-03-12";42;1;8
2198;"2012-03-12";42;2;13
2199;"2012-03-12";42;4;16
2200;"2012-03-12";40;1;4
2201;"2012-03-12";40;2;6
2202;"2012-03-12";40;3;7
2203;"2012-03-12";40;4;2
2204;"2012-03-12";1;1;1
2205;"2012-03-12";1;2;17
2206;"2012-03-12";1;3;12
2207;"2012-03-12";1;4;6
2208;"2012-03-12";41;1;1
2209;"2012-03-12";41;2;6
2210;"2012-03-12";41;3;6
2211;"2012-03-12";36;1;1
2212;"2012-03-12";36;2;25
2213;"2012-03-12";36;3;26
2214;"2012-03-12";36;4;19
2215;"2012-03-12";39;1;4
2216;"2012-03-12";39;3;3
2217;"2012-03-12";39;4;6
2218;"2012-03-12";38;1;2
2219;"2012-03-12";38;2;65
2220;"2012-03-12";38;3;11
2221;"2012-03-12";38;4;4
2222;"2012-03-12";30;3;8
2223;"2012-03-12";30;4;1
2224;"2012-03-12";44;1;2
2225;"2012-03-12";44;2;9
2226;"2012-03-12";44;3;7
2227;"2012-03-12";44;4;10
2228;"2012-03-12";22;4;2
2229;"2012-03-12";32;4;3
2230;"2012-04-12";37;1;1
2231;"2012-04-12";37;2;6
2232;"2012-04-12";37;3;1
2233;"2012-04-12";37;4;3
2234;"2012-04-12";3;2;2
2235;"2012-04-12";3;3;3
2236;"2012-04-12";3;4;2
2237;"2012-04-12";33;1;1
2238;"2012-04-12";33;2;11
2239;"2012-04-12";33;5;1
2240;"2012-04-12";35;2;5
2241;"2012-04-12";35;3;3
2242;"2012-04-12";35;4;3
2243;"2012-04-12";9;1;11
2244;"2012-04-12";9;2;9
2245;"2012-04-12";9;3;5
2246;"2012-04-12";9;4;3
2247;"2012-04-12";5;1;7
2248;"2012-04-12";5;2;17
2249;"2012-04-12";5;3;4
2250;"2012-04-12";5;4;4
2251;"2012-04-12";43;1;2
2252;"2012-04-12";43;2;7
2253;"2012-04-12";43;3;3
2254;"2012-04-12";43;4;4
2255;"2012-04-12";40;1;2
2256;"2012-04-12";40;2;14
2257;"2012-04-12";40;3;1
2258;"2012-04-12";1;2;7
2259;"2012-04-12";1;4;9
2260;"2012-04-12";41;1;2
2261;"2012-04-12";41;2;4
2262;"2012-04-12";41;3;1
2263;"2012-04-12";36;2;42
2264;"2012-04-12";36;3;10
2265;"2012-04-12";39;1;1
2266;"2012-04-12";39;2;1
2267;"2012-04-12";39;3;4
2268;"2012-04-12";38;2;1
2269;"2012-04-12";30;2;1
2270;"2012-04-12";30;3;5
2271;"2012-04-12";34;3;1
2272;"2012-04-12";44;1;1
2273;"2012-04-12";44;2;2
2274;"2012-04-12";22;4;1
2275;"2012-04-12";4;2;5
2276;"2012-04-12";4;3;3
2277;"2012-04-12";4;4;1
2278;"2012-04-12";6;1;1
2279;"2012-04-12";6;2;4
2280;"2012-04-12";6;3;2
2281;"2012-04-12";6;4;1
2282;"2012-04-12";37;1;2
2283;"2012-04-12";37;2;12
2284;"2012-04-12";37;4;10
2285;"2012-04-12";3;2;5
2286;"2012-04-12";3;3;2
2287;"2012-04-12";3;4;7
2288;"2012-04-12";33;2;22
2289;"2012-04-12";33;4;7
2290;"2012-04-12";35;2;9
2291;"2012-04-12";35;4;16
2292;"2012-04-12";9;1;12
2293;"2012-04-12";9;2;13
2294;"2012-04-12";9;3;2
2295;"2012-04-12";5;1;23
2296;"2012-04-12";5;2;28
2297;"2012-04-12";5;3;3
2298;"2012-04-12";5;4;4
2299;"2012-04-12";43;2;8
2300;"2012-04-12";43;4;25
2301;"2012-04-12";42;1;5
2302;"2012-04-12";42;2;23
2303;"2012-04-12";42;4;10
2304;"2012-04-12";40;1;1
2305;"2012-04-12";40;2;19
2306;"2012-04-12";40;4;2
2307;"2012-04-12";1;2;9
2308;"2012-04-12";1;3;1
2309;"2012-04-12";1;4;20
2310;"2012-04-12";41;2;3
2311;"2012-04-12";41;4;2
2312;"2012-04-12";36;1;3
2313;"2012-04-12";36;2;11
2314;"2012-04-12";36;3;8
2315;"2012-04-12";36;4;10
2316;"2012-04-12";39;1;6
2317;"2012-04-12";39;2;2
2318;"2012-04-12";39;3;11
2319;"2012-04-12";39;4;4
2320;"2012-04-12";38;2;10
2321;"2012-04-12";38;3;3
2322;"2012-04-12";38;4;1
2323;"2012-04-12";30;3;12
2324;"2012-04-12";30;4;3
2325;"2012-04-12";34;4;1
2326;"2012-04-12";44;2;17
2327;"2012-04-12";44;4;8
2328;"2012-04-12";22;4;3
2329;"2012-04-12";4;2;2
2330;"2012-04-12";4;3;1
2331;"2012-04-12";4;4;2
2332;"2012-04-12";6;2;2
2333;"2012-04-12";6;3;1
2334;"2012-04-12";6;4;4
2335;"2012-05-02";37;2;28
2336;"2012-05-02";37;4;6
2337;"2012-05-02";3;2;5
2338;"2012-05-02";3;3;8
2339;"2012-05-02";3;4;3
2340;"2012-05-02";33;2;6
2341;"2012-05-02";35;1;1
2342;"2012-05-02";35;2;9
2343;"2012-05-02";35;4;8
2344;"2012-05-02";9;2;3
2345;"2012-05-02";9;4;1
2346;"2012-05-02";5;2;15
2347;"2012-05-02";5;3;1
2348;"2012-05-02";5;4;3
2349;"2012-05-02";43;2;12
2350;"2012-05-02";43;3;1
2351;"2012-05-02";43;4;6
2352;"2012-05-02";42;2;22
2353;"2012-05-02";42;4;7
2354;"2012-05-02";40;2;3
2355;"2012-05-02";1;2;1
2356;"2012-05-02";1;4;6
2357;"2012-05-02";41;2;2
2358;"2012-05-02";41;4;2
2359;"2012-05-02";36;2;4
2360;"2012-05-02";36;4;7
2361;"2012-05-02";39;1;3
2362;"2012-05-02";39;2;10
2363;"2012-05-02";39;3;12
2364;"2012-05-02";39;4;5
2365;"2012-05-02";38;2;4
2366;"2012-05-02";38;4;2
2367;"2012-05-02";30;4;2
2368;"2012-05-02";44;2;9
2369;"2012-05-02";44;4;9
2370;"2012-05-02";35;2;12
2371;"2012-05-02";35;4;1
2372;"2012-05-02";9;3;2
2373;"2012-05-02";9;4;3
2374;"2012-05-02";5;2;2
2375;"2012-05-02";5;3;1
2376;"2012-05-02";42;2;1
2377;"2012-05-02";40;3;2
2378;"2012-05-02";40;4;2
2379;"2012-05-02";1;2;7
2380;"2012-05-02";1;3;3
2381;"2012-05-02";36;2;5
2382;"2012-05-02";36;3;4
2383;"2012-05-02";39;1;1
2384;"2012-05-02";39;2;2
2385;"2012-05-02";38;4;1
2386;"2012-06-09";37;2;14
2387;"2012-06-09";37;4;19
2388;"2012-06-09";3;3;1
2389;"2012-06-09";3;4;8
2390;"2012-06-09";33;2;19
2391;"2012-06-09";33;4;2
2392;"2012-06-09";35;2;21
2393;"2012-06-09";35;4;20
2394;"2012-06-09";9;1;6
2395;"2012-06-09";9;2;9
2396;"2012-06-09";9;3;3
2397;"2012-06-09";9;4;3
2398;"2012-06-09";5;1;2
2399;"2012-06-09";5;2;20
2400;"2012-06-09";5;3;10
2401;"2012-06-09";5;4;2
2402;"2012-06-09";43;2;11
2403;"2012-06-09";43;4;19
2404;"2012-06-09";42;1;1
2405;"2012-06-09";42;2;11
2406;"2012-06-09";40;2;29
2407;"2012-06-09";40;4;1
2408;"2012-06-09";1;2;32
2409;"2012-06-09";1;3;4
2410;"2012-06-09";1;4;15
2411;"2012-06-09";41;2;27
2412;"2012-06-09";41;4;1
2413;"2012-06-09";36;2;27
2414;"2012-06-09";36;3;14
2415;"2012-06-09";36;4;16
2416;"2012-06-09";39;1;2
2417;"2012-06-09";39;2;12
2418;"2012-06-09";39;3;23
2419;"2012-06-09";39;4;6
2420;"2012-06-09";38;2;9
2421;"2012-06-09";38;3;1
2422;"2012-06-09";38;4;3
2423;"2012-06-09";30;3;6
2424;"2012-06-09";34;2;2
2425;"2012-06-09";34;3;1
2426;"2012-06-09";44;2;9
2427;"2012-06-09";44;4;8
2428;"2012-06-09";22;2;7
2429;"2012-06-09";22;3;2
2430;"2012-06-29";37;1;14
2431;"2012-06-29";37;4;2
2432;"2012-06-29";3;3;1
2433;"2012-06-29";3;4;1
2434;"2012-06-29";33;1;2
2435;"2012-06-29";33;2;8
2436;"2012-06-29";35;1;1
2437;"2012-06-29";35;2;2
2438;"2012-06-29";35;4;8
2439;"2012-06-29";9;1;17
2440;"2012-06-29";5;3;17
2441;"2012-06-29";43;2;1
2442;"2012-06-29";42;2;2
2443;"2012-06-29";40;1;4
2444;"2012-06-29";40;2;1
2445;"2012-06-29";40;3;4
2446;"2012-06-29";40;4;1
2447;"2012-06-29";1;1;2
2448;"2012-06-29";1;2;9
2449;"2012-06-29";1;3;2
2450;"2012-06-29";1;4;7
2451;"2012-06-29";41;1;4
2452;"2012-06-29";41;3;1
2453;"2012-06-29";36;1;3
2454;"2012-06-29";36;2;6
2455;"2012-06-29";36;3;3
2456;"2012-06-29";36;4;8
2457;"2012-06-29";39;1;3
2458;"2012-06-29";38;1;1
2459;"2012-06-29";38;2;1
2460;"2012-06-29";30;3;1
2461;"2012-06-29";30;4;1
2462;"2012-08-09";37;1;1
2463;"2012-08-09";37;2;3
2464;"2012-08-09";37;4;15
2465;"2012-08-09";3;2;1
2466;"2012-08-09";3;4;9
2467;"2012-08-09";33;1;12
2468;"2012-08-09";33;2;25
2469;"2012-08-09";33;4;16
2470;"2012-08-09";35;2;1
2471;"2012-08-09";35;3;4
2472;"2012-08-09";35;4;5
2473;"2012-08-09";9;1;7
2474;"2012-08-09";9;2;2
2475;"2012-08-09";9;3;7
2476;"2012-08-09";5;1;8
2477;"2012-08-09";5;2;15
2478;"2012-08-09";5;4;2
2479;"2012-08-09";43;4;34
2480;"2012-08-09";42;4;64
2481;"2012-08-09";40;1;6
2482;"2012-08-09";40;2;17
2483;"2012-08-09";40;4;9
2484;"2012-08-09";1;2;23
2485;"2012-08-09";1;3;4
2486;"2012-08-09";1;4;40
2487;"2012-08-09";41;1;20
2488;"2012-08-09";41;2;10
2489;"2012-08-09";41;3;1
2490;"2012-08-09";41;4;2
2491;"2012-08-09";36;3;2
2492;"2012-08-09";36;4;4
2493;"2012-08-09";39;1;3
2494;"2012-08-09";39;2;2
2495;"2012-08-09";39;3;9
2496;"2012-08-09";39;4;15
2497;"2012-08-09";38;1;2
2498;"2012-08-09";38;2;7
2499;"2012-08-09";30;2;1
2500;"2012-08-09";30;3;7
2501;"2012-08-09";32;1;1
2502;"2012-08-09";32;3;3
2503;"2012-08-09";47;1;0
2504;"2012-08-09";47;2;0
2505;"2012-08-09";47;3;0
2506;"2012-08-09";47;4;0
2507;"2012-08-09";47;5;0
2508;"2012-09-06";37;1;1
2509;"2012-09-06";37;2;9
2510;"2012-09-06";37;4;17
2511;"2012-09-06";3;1;4
2512;"2012-09-06";3;2;6
2513;"2012-09-06";3;3;9
2514;"2012-09-06";3;4;28
2515;"2012-09-06";33;2;9
2516;"2012-09-06";33;4;9
2517;"2012-09-06";35;2;10
2518;"2012-09-06";35;3;3
2519;"2012-09-06";35;4;15
2520;"2012-09-06";9;1;35
2521;"2012-09-06";9;3;4
2522;"2012-09-06";5;1;2
2523;"2012-09-06";5;2;7
2524;"2012-09-06";5;3;2
2525;"2012-09-06";5;4;6
2526;"2012-09-06";43;4;10
2527;"2012-09-06";50;1;0
2528;"2012-09-06";50;2;9
2529;"2012-09-06";50;3;0
2530;"2012-09-06";50;4;2
2531;"2012-09-06";50;5;0
2532;"2012-09-06";42;2;8
2533;"2012-09-06";42;4;27
2534;"2012-09-06";40;2;2
2535;"2012-09-06";40;3;1
2536;"2012-09-06";40;4;1
2537;"2012-09-06";1;1;1
2538;"2012-09-06";1;2;34
2539;"2012-09-06";1;3;2
2540;"2012-09-06";1;4;24
2541;"2012-09-06";41;2;6
2542;"2012-09-06";36;2;7
2543;"2012-09-06";36;3;1
2544;"2012-09-06";36;4;4
2545;"2012-09-06";48;1;0
2546;"2012-09-06";48;2;0
2547;"2012-09-06";48;3;1
2548;"2012-09-06";48;4;0
2549;"2012-09-06";48;5;0
2550;"2012-09-06";39;2;1
2551;"2012-09-06";39;3;6
2552;"2012-09-06";39;4;4
2553;"2012-09-06";38;1;13
2554;"2012-09-06";38;2;12
2555;"2012-09-06";38;4;2
2556;"2012-09-06";30;2;5
2557;"2012-09-06";30;3;20
2558;"2012-09-06";44;2;5
2559;"2012-09-06";44;4;17
2560;"2012-09-06";27;1;48
2561;"2012-09-06";27;2;24
2562;"2012-09-06";27;3;1
2563;"2012-09-06";47;2;2
2564;"2012-09-06";47;3;6
2565;"2012-09-06";47;4;1
2566;"2012-09-06";51;1;0
2567;"2012-09-06";51;2;0
2568;"2012-09-06";51;3;0
2569;"2012-09-06";51;4;0
2570;"2012-09-06";51;5;0
2571;"2012-10-07";37;2;6
2572;"2012-10-07";37;3;4
2573;"2012-10-07";37;4;7
2574;"2012-10-07";3;1;4
2575;"2012-10-07";3;2;14
2576;"2012-10-07";3;3;20
2577;"2012-10-07";3;4;12
2578;"2012-10-07";33;2;16
2579;"2012-10-07";33;4;5
2580;"2012-10-07";35;2;11
2581;"2012-10-07";35;4;10
2582;"2012-10-07";9;2;5
2583;"2012-10-07";9;3;2
2584;"2012-10-07";5;1;2
2585;"2012-10-07";5;2;1
2586;"2012-10-07";50;2;63
2587;"2012-10-07";50;4;25
2588;"2012-10-07";42;2;33
2589;"2012-10-07";42;4;20
2590;"2012-10-07";40;2;10
2591;"2012-10-07";40;3;2
2592;"2012-10-07";1;2;15
2593;"2012-10-07";1;3;1
2594;"2012-10-07";1;4;8
2595;"2012-10-07";41;2;18
2596;"2012-10-07";41;3;1
2597;"2012-10-07";41;4;1
2598;"2012-10-07";36;2;17
2599;"2012-10-07";36;4;14
2600;"2012-10-07";38;2;36
2601;"2012-10-07";38;4;4
2602;"2012-10-07";51;2;1
2603;"2012-10-07";51;4;13
2604;"2012-10-07";44;2;25
2605;"2012-10-07";44;3;1
2606;"2012-10-07";44;4;7
2607;"2012-10-07";47;2;1
2608;"2012-10-07";47;4;11
2609;"2012-11-07";52;1;0
2610;"2012-11-07";52;2;0
2611;"2012-11-07";52;3;0
2612;"2012-11-07";52;4;0
2613;"2012-11-07";52;5;0
2614;"2012-11-07";52;1;1
2615;"2012-11-07";52;2;5
2616;"2012-11-07";3;4;2
2617;"2012-11-07";33;2;4
2618;"2012-11-07";35;1;1
2619;"2012-11-07";35;2;4
2620;"2012-11-07";9;1;3
2621;"2012-11-07";9;3;1
2622;"2012-11-07";9;4;7
2623;"2012-11-07";5;1;1
2624;"2012-11-07";50;2;2
2625;"2012-11-07";42;2;5
2626;"2012-11-07";40;2;4
2627;"2012-11-07";1;2;5
2628;"2012-11-07";1;4;2
2629;"2012-11-07";41;2;7
2630;"2012-11-07";36;4;2
2631;"2012-11-07";48;2;1
2632;"2012-11-07";38;2;2
2633;"2012-11-07";44;2;5
2634;"2012-11-07";37;2;3
2635;"2012-11-07";37;4;12
2636;"2012-11-07";3;4;1
2637;"2012-11-07";33;2;22
2638;"2012-11-07";33;4;33
2639;"2012-11-07";35;2;9
2640;"2012-11-07";35;4;7
2641;"2012-11-07";9;1;5
2642;"2012-11-07";9;2;3
2643;"2012-11-07";9;3;1
2644;"2012-11-07";9;4;1
2645;"2012-11-07";5;1;10
2646;"2012-11-07";5;2;6
2647;"2012-11-07";5;3;2
2648;"2012-11-07";5;4;1
2649;"2012-11-07";50;2;8
2650;"2012-11-07";50;4;4
2651;"2012-11-07";42;1;2
2652;"2012-11-07";42;2;13
2653;"2012-11-07";42;4;27
2654;"2012-11-07";40;2;7
2655;"2012-11-07";40;4;6
2656;"2012-11-07";1;2;6
2657;"2012-11-07";1;3;1
2658;"2012-11-07";1;4;17
2659;"2012-11-07";41;2;11
2660;"2012-11-07";41;4;5
2661;"2012-11-07";36;2;1
2662;"2012-11-07";36;4;13
2663;"2012-11-07";51;4;5
2664;"2012-11-07";44;2;7
2665;"2012-11-07";44;4;9
2666;"2012-11-07";47;2;1
2667;"2012-11-07";47;4;11
2668;"2012-12-19";37;1;4
2669;"2012-12-19";37;2;1
2670;"2012-12-19";37;4;15
2671;"2012-12-19";52;1;1
2672;"2012-12-19";52;2;2
2673;"2012-12-19";52;4;4
2674;"2012-12-19";33;2;9
2675;"2012-12-19";33;4;26
2676;"2012-12-19";35;1;3
2677;"2012-12-19";35;2;11
2678;"2012-12-19";35;4;18
2679;"2012-12-19";9;2;7
2680;"2012-12-19";9;4;1
2681;"2012-12-19";5;1;2
2682;"2012-12-19";5;2;2
2683;"2012-12-19";5;4;4
2684;"2012-12-19";50;1;1
2685;"2012-12-19";50;2;31
2686;"2012-12-19";50;3;9
2687;"2012-12-19";50;4;10
2688;"2012-12-19";42;2;4
2689;"2012-12-19";42;4;26
2690;"2012-12-19";40;1;2
2691;"2012-12-19";40;2;3
2692;"2012-12-19";40;4;11
2693;"2012-12-19";1;1;15
2694;"2012-12-19";1;2;4
2695;"2012-12-19";1;4;14
2696;"2012-12-19";41;2;13
2697;"2012-12-19";41;4;8
2698;"2012-12-19";36;2;5
2699;"2012-12-19";36;4;13
2700;"2012-12-19";38;1;2
2701;"2012-12-19";30;3;10
2702;"2012-12-19";51;4;16
2703;"2012-12-19";47;4;3
2704;"2012-12-19";6;1;3
2705;"2012-12-19";6;2;4
2706;"2012-12-19";37;1;2
2707;"2012-12-19";37;2;3
2708;"2012-12-19";52;1;1
2709;"2012-12-19";52;2;8
2710;"2012-12-19";33;2;5
2711;"2012-12-19";35;2;2
2712;"2012-12-19";35;3;2
2713;"2012-12-19";9;1;3
2714;"2012-12-19";9;3;8
2715;"2012-12-19";5;1;2
2716;"2012-12-19";50;2;2
2717;"2012-12-19";42;2;1
2718;"2012-12-19";40;2;3
2719;"2012-12-19";1;2;20
2720;"2012-12-19";1;3;2
2721;"2012-12-19";1;4;1
2722;"2012-12-19";41;2;12
2723;"2012-12-19";41;3;1
2724;"2012-12-19";36;2;1
2725;"2012-12-19";38;2;1
2726;"2012-12-19";38;4;2
2727;"2012-12-19";30;3;1
2728;"2012-12-19";44;2;16
2729;"2012-12-19";44;4;1
2730;"2012-12-19";22;2;2
2731;"2012-12-19";6;2;7
2732;"2012-12-19";6;4;1
2733;"2013-03-21";53;1;0
2734;"2013-03-21";53;2;0
2735;"2013-03-21";53;3;0
2736;"2013-03-21";53;4;0
2737;"2013-03-21";53;5;0
2738;"2013-03-21";54;1;0
2739;"2013-03-21";54;2;0
2740;"2013-03-21";54;3;0
2741;"2013-03-21";54;4;0
2742;"2013-03-21";54;5;0
2743;"2013-03-21";55;1;0
2744;"2013-03-21";55;2;0
2745;"2013-03-21";55;3;0
2746;"2013-03-21";55;4;0
2747;"2013-03-21";55;5;0
2748;"2013-03-21";56;1;0
2749;"2013-03-21";56;2;0
2750;"2013-03-21";56;3;0
2751;"2013-03-21";56;4;0
2752;"2013-03-21";56;5;0
2753;"2013-03-21";57;1;0
2754;"2013-03-21";57;2;0
2755;"2013-03-21";57;3;0
2756;"2013-03-21";57;4;0
2757;"2013-03-21";57;5;0
2758;"2013-03-21";58;1;0
2759;"2013-03-21";58;2;0
2760;"2013-03-21";58;3;0
2761;"2013-03-21";58;4;0
2762;"2013-03-21";58;5;0
2763;"2013-03-21";37;1;11
2764;"2013-03-21";37;2;16
2765;"2013-03-21";37;4;19
2766;"2013-03-21";52;1;4
2767;"2013-03-21";52;2;2
2768;"2013-03-21";52;4;8
2769;"2013-03-21";33;1;1
2770;"2013-03-21";33;2;14
2771;"2013-03-21";33;4;36
2772;"2013-03-21";56;1;1
2773;"2013-03-21";35;1;4
2774;"2013-03-21";35;2;10
2775;"2013-03-21";35;3;3
2776;"2013-03-21";35;4;24
2777;"2013-03-21";9;1;1
2778;"2013-03-21";9;2;2
2779;"2013-03-21";9;3;6
2780;"2013-03-21";9;4;1
2781;"2013-03-21";5;1;9
2782;"2013-03-21";5;2;49
2783;"2013-03-21";5;4;1
2784;"2013-03-21";43;1;2
2785;"2013-03-21";43;2;24
2786;"2013-03-21";43;4;34
2787;"2013-03-21";42;2;7
2788;"2013-03-21";42;4;23
2789;"2013-03-21";40;1;3
2790;"2013-03-21";40;2;8
2791;"2013-03-21";40;3;3
2792;"2013-03-21";40;4;7
2793;"2013-03-21";1;1;5
2794;"2013-03-21";1;2;20
2795;"2013-03-21";1;3;7
2796;"2013-03-21";1;4;19
2797;"2013-03-21";41;1;4
2798;"2013-03-21";54;2;1
2799;"2013-03-21";54;3;4
2800;"2013-03-21";54;4;20
2801;"2013-03-21";36;1;1
2802;"2013-03-21";36;2;29
2803;"2013-03-21";36;3;3
2804;"2013-03-21";36;4;27
2805;"2013-03-21";39;1;9
2806;"2013-03-21";39;3;18
2807;"2013-03-21";39;4;11
2808;"2013-03-21";55;2;1
2809;"2013-03-21";55;3;1
2810;"2013-03-21";55;4;1
2811;"2013-03-21";38;1;3
2812;"2013-03-21";38;2;2
2813;"2013-03-21";38;3;5
2814;"2013-03-21";38;4;6
2815;"2013-03-21";30;3;24
2816;"2013-03-21";53;2;3
2817;"2013-03-21";53;3;3
2818;"2013-03-21";53;4;9
2819;"2013-03-21";44;1;8
2820;"2013-03-21";44;2;5
2821;"2013-03-21";44;4;16
2822;"2013-03-21";27;2;1
2823;"2013-03-21";27;3;3
2824;"2013-03-21";47;1;1
2825;"2013-03-21";47;2;6
2826;"2013-03-21";47;3;3
2827;"2013-03-21";47;4;12
2828;"2013-03-21";59;1;0
2829;"2013-03-21";59;2;0
2830;"2013-03-21";59;3;0
2831;"2013-03-21";59;4;0
2832;"2013-03-21";59;5;0
2833;"2013-03-21";37;1;3
2834;"2013-03-21";37;2;12
2835;"2013-03-21";52;1;3
2836;"2013-03-21";52;2;10
2837;"2013-03-21";33;1;2
2838;"2013-03-21";33;2;35
2839;"2013-03-21";33;4;2
2840;"2013-03-21";56;1;2
2841;"2013-03-21";35;1;6
2842;"2013-03-21";35;2;12
2843;"2013-03-21";35;3;1
2844;"2013-03-21";35;4;1
2845;"2013-03-21";9;1;3
2846;"2013-03-21";9;2;1
2847;"2013-03-21";9;3;10
2848;"2013-03-21";5;1;9
2849;"2013-03-21";5;2;33
2850;"2013-03-21";5;3;2
2851;"2013-03-21";43;1;2
2852;"2013-03-21";43;2;24
2853;"2013-03-21";43;4;2
2854;"2013-03-21";42;2;12
2855;"2013-03-21";40;1;2
2856;"2013-03-21";40;2;22
2857;"2013-03-21";40;3;2
2858;"2013-03-21";1;1;1
2859;"2013-03-21";1;2;36
2860;"2013-03-21";1;3;4
2861;"2013-03-21";1;4;1
2862;"2013-03-21";54;2;14
2863;"2013-03-21";36;1;5
2864;"2013-03-21";36;2;31
2865;"2013-03-21";36;4;4
2866;"2013-03-21";39;2;11
2867;"2013-03-21";39;3;10
2868;"2013-03-21";48;2;3
2869;"2013-03-21";38;1;1
2870;"2013-03-21";38;2;15
2871;"2013-03-21";38;3;6
2872;"2013-03-21";38;4;1
2873;"2013-03-21";58;2;11
2874;"2013-03-21";30;3;5
2875;"2013-03-21";34;2;3
2876;"2013-03-21";53;2;5
2877;"2013-03-21";44;1;4
2878;"2013-03-21";44;2;26
2879;"2013-03-21";44;4;1
2880;"2013-03-21";47;1;1
2881;"2013-03-21";47;2;3
2882;"2013-03-21";47;3;1
2883;"2013-03-21";47;4;2
2884;"2013-03-21";59;3;2
2885;"2013-04-04";37;2;9
2886;"2013-04-04";35;2;17
2887;"2013-04-04";9;2;16
2888;"2013-04-04";9;3;1
2889;"2013-04-04";5;2;3
2890;"2013-04-04";43;2;11
2891;"2013-04-04";40;2;10
2892;"2013-04-04";57;2;1
2893;"2013-04-04";54;3;1
2894;"2013-04-04";36;2;4
2895;"2013-04-04";39;2;12
2896;"2013-04-04";55;2;1
2897;"2013-04-04";53;2;3
2898;"2013-04-04";44;2;2
2899;"2013-04-04";37;4;2
2900;"2013-04-04";35;2;7
2901;"2013-04-04";35;4;3
2902;"2013-04-04";9;2;1
2903;"2013-04-04";9;4;1
2904;"2013-04-04";5;2;2
2905;"2013-04-04";5;4;1
2906;"2013-04-04";42;2;7
2907;"2013-04-04";42;4;2
2908;"2013-04-04";40;2;2
2909;"2013-04-04";54;3;8
2910;"2013-04-04";54;4;7
2911;"2013-04-04";36;2;1
2912;"2013-04-04";39;2;2
2913;"2013-04-04";39;3;4
2914;"2013-04-04";39;4;1
2915;"2013-04-04";53;2;1
2916;"2013-04-04";53;4;2
2917;"2013-04-04";44;4;1
2918;"2013-04-04";47;2;1
2919;"2013-04-04";47;4;2
2920;"2013-05-02";37;2;10
2921;"2013-05-02";37;4;9
2922;"2013-05-02";52;1;2
2923;"2013-05-02";52;2;3
2924;"2013-05-02";52;3;3
2925;"2013-05-02";52;4;1
2926;"2013-05-02";56;2;1
2927;"2013-05-02";56;3;1
2928;"2013-05-02";35;2;19
2929;"2013-05-02";35;4;12
2930;"2013-05-02";9;1;1
2931;"2013-05-02";9;2;1
2932;"2013-05-02";9;3;1
2933;"2013-05-02";9;4;3
2934;"2013-05-02";5;1;4
2935;"2013-05-02";5;2;10
2936;"2013-05-02";5;4;5
2937;"2013-05-02";43;2;6
2938;"2013-05-02";43;4;22
2939;"2013-05-02";42;1;5
2940;"2013-05-02";42;2;3
2941;"2013-05-02";42;4;27
2942;"2013-05-02";40;2;3
2943;"2013-05-02";40;3;2
2944;"2013-05-02";40;4;4
2945;"2013-05-02";54;2;1
2946;"2013-05-02";54;3;2
2947;"2013-05-02";54;4;19
2948;"2013-05-02";36;2;3
2949;"2013-05-02";36;4;6
2950;"2013-05-02";39;2;1
2951;"2013-05-02";39;4;6
2952;"2013-05-02";55;2;1
2953;"2013-05-02";53;2;20
2954;"2013-05-02";53;3;2
2955;"2013-05-02";53;4;16
2956;"2013-05-02";44;2;5
2957;"2013-05-02";44;4;4
2958;"2013-05-02";47;2;1
2959;"2013-05-02";47;4;3
2960;"2013-05-02";37;1;1
2961;"2013-05-02";37;2;4
2962;"2013-05-02";52;2;6
2963;"2013-05-02";52;3;3
2964;"2013-05-02";56;2;4
2965;"2013-05-02";35;2;5
2966;"2013-05-02";5;2;2
2967;"2013-05-02";43;2;1
2968;"2013-05-02";43;3;1
2969;"2013-05-02";42;2;6
2970;"2013-05-02";40;2;5
2971;"2013-05-02";40;3;2
2972;"2013-05-02";57;2;5
2973;"2013-05-02";54;2;1
2974;"2013-05-02";54;3;1
2975;"2013-05-02";36;2;6
2976;"2013-05-02";36;4;4
2977;"2013-05-02";53;2;5
2978;"2013-05-02";53;4;3
2979;"2013-05-02";44;2;6
2981;"2013-06-16";37;1;9
2991;"2013-06-16";37;2;2
3001;"2013-06-16";37;4;20
3011;"2013-06-16";52;1;4
3021;"2013-06-16";52;2;1
3031;"2013-06-16";52;4;3
3041;"2013-06-16";56;1;1
3051;"2013-06-16";56;4;17
3061;"2013-06-16";35;1;7
3071;"2013-06-16";35;2;6
3081;"2013-06-16";35;4;16
3091;"2013-06-16";9;1;7
3101;"2013-06-16";9;2;10
3111;"2013-06-16";9;4;3
3121;"2013-06-16";5;1;2
3131;"2013-06-16";5;2;12
3141;"2013-06-16";5;4;10
3151;"2013-06-16";43;1;2
3161;"2013-06-16";43;2;15
3171;"2013-06-16";43;4;35
3181;"2013-06-16";42;2;3
3191;"2013-06-16";42;4;29
3201;"2013-06-16";40;2;4
3211;"2013-06-16";40;4;9
3221;"2013-06-16";57;2;1
3231;"2013-06-16";57;4;21
3241;"2013-06-16";1;2;5
3251;"2013-06-16";1;3;1
3261;"2013-06-16";1;4;1
3271;"2013-06-16";54;2;1
3281;"2013-06-16";54;3;6
3291;"2013-06-16";54;4;40
3301;"2013-06-16";36;2;1
3311;"2013-06-16";36;4;20
3321;"2013-06-16";39;1;4
3331;"2013-06-16";39;2;2
3341;"2013-06-16";39;3;10
3351;"2013-06-16";39;4;26
3361;"2013-06-16";55;4;9
3371;"2013-06-16";58;1;1
3381;"2013-06-16";58;4;8
3391;"2013-06-16";53;1;4
3401;"2013-06-16";53;2;4
3411;"2013-06-16";53;3;1
3421;"2013-06-16";53;4;20
3431;"2013-06-16";44;2;6
3441;"2013-06-16";44;4;14
3451;"2013-06-16";47;2;2
3461;"2013-06-16";47;4;6
3471;"2013-06-16";37;2;4
3481;"2013-06-16";37;4;2
3491;"2013-06-16";52;1;3
3501;"2013-06-16";52;2;12
3511;"2013-06-16";35;1;1
3521;"2013-06-16";35;2;6
3531;"2013-06-16";9;1;8
3541;"2013-06-16";9;2;2
3551;"2013-06-16";9;4;1
3561;"2013-06-16";5;1;3
3571;"2013-06-16";5;2;6
3581;"2013-06-16";43;2;9
3591;"2013-06-16";43;4;22
3601;"2013-06-16";42;2;1
3611;"2013-06-16";42;4;16
3621;"2013-06-16";40;1;4
3631;"2013-06-16";40;2;10
3641;"2013-06-16";40;4;3
3651;"2013-06-16";57;4;17
3661;"2013-06-16";1;2;16
3671;"2013-06-16";1;3;1
3681;"2013-06-16";54;2;2
3691;"2013-06-16";54;3;4
3701;"2013-06-16";36;2;7
3711;"2013-06-16";36;4;2
3721;"2013-06-16";39;2;4
3731;"2013-06-16";39;3;4
3741;"2013-06-16";39;4;1
3751;"2013-06-16";55;1;1
3761;"2013-06-16";34;2;3
3771;"2013-06-16";53;1;2
3781;"2013-06-16";53;2;2
3791;"2013-06-16";53;4;8
3801;"2013-06-16";44;2;14
3811;"2013-06-16";47;3;1
